,subid,cue,ppx_m,semdis,valence_m,valence_vol,fluency
0,853,ADVICE,9.610511461893717,0.35211792446318124,8.498357142833333,1.3720618405890947,7
1,853,ALONE,10.05324309212821,0.42823170870542526,3.6397619048571426,0.829870357,8
2,853,BEAUTIFUL,10.248151779174805,0.4060350017888205,6.370270833,2.2851232482244987,9
3,853,BEGINNING,11.05491954088211,0.4929336749372028,6.821291666625001,1.5692417543367125,9
4,853,BREATH,9.969275475,0.402501894,6.274809523857143,1.0035130060508939,8
5,853,CRISIS,11.23202919960022,0.4248188555240631,5.1185,3.168121626291415,5
6,853,FAILURE,11.266221046447754,0.46385182936986286,2.73125,0.40934631102595204,3
7,853,FATHER,6.274883598089218,0.38223688801129657,6.918979167,0.8405462510222641,9
8,853,FUTURE,11.628174662590027,0.46492484625842834,6.533729167,0.6572402500293154,9
9,853,HEART,11.493906286027697,0.4636938711007436,7.918351852000001,0.8438790250786272,10
10,853,JEALOUSY,10.642997741699219,0.39272984862327576,1.851291667,2.353009245407192,5
11,853,MEMORY,11.204982121785482,0.4135265151659648,4.408722222333334,2.567579410715924,4
12,853,NOISE,9.834099102020264,0.3949226289987564,3.017942857,3.0162108486492176,6
13,853,PAIN,11.958658377329508,0.43692669130506967,4.509361111166666,3.0757435762248675,7
14,853,SHAME,10.584143161773682,0.4793172339598338,5.85868,2.0330289737236895,6
15,853,SPOUSE,8.700525760650635,0.35985439436303246,7.046062500000001,1.0359273269193203,9
16,853,TEACH,8.759079388209752,0.4750242957047054,7.386690476285714,0.41826204581881415,8
17,853,TRIP,11.737421459621853,0.420896977,8.440055555444445,0.8141085505378125,10
18,853,WANT,10.516908963521322,0.2858929435412089,4.678388889,0.261087558,4
19,853,WIN,12.849162260691324,0.5080707987149556,8.111775132222222,1.3230702198233903,10
20,853,WORRY,10.824845886230468,0.4301018933455149,6.978433333,1.8111190003518265,6
0,860,ADVICE,10.929566442966461,0.4422662415438228,5.6564374998749996,1.9687154298771543,9
1,860,ALONE,9.402291178703308,0.5153285463651022,4.37145,2.347866276004662,9
2,860,BEAUTIFUL,10.328078174591065,0.40773903727531435,6.559683333200001,0.8391948240965595,11
3,860,BEGINNING,9.944536638259887,0.481659777,6.091711905,1.5448782406729844,11
4,860,BREATH,8.189420557022094,0.43850011879747564,6.280116667,0.30341546970940325,11
5,860,CRISIS,10.118018627166748,0.39746998819437895,1.5724125,2.930426273652436,11
6,860,FAILURE,7.8991731234959195,0.5137418210506439,3.231738095285714,1.3425459437611467,8
7,860,FATHER,9.664735900031197,0.42623958322736955,8.310925925888888,1.1141116083638951,10
8,860,FUTURE,10.19882574081421,0.5327318175272509,6.557983333,2.6643179193296547,11
9,860,HEART,10.837994893391928,0.41681232468949425,6.156952380888889,0.38727324594162627,10
10,860,JEALOUSY,9.572292852401734,0.3550933003425598,3.648162727,2.979574266474106,11
11,860,MEMORY,11.235260895320348,0.4362402803131512,5.2984761904285715,0.6054888290424574,8
12,860,NOISE,11.374254120720757,0.4682949226763513,5.824052910111111,1.1502298527113601,10
13,860,PAIN,10.296034479141236,0.41028957692059603,1.957250909,1.0047952784389416,11
14,860,SHAME,9.033628622690836,0.45257866779963174,0.5918518518888889,0.16623820843927178,10
15,860,SPOUSE,11.538510704040528,0.4224133090539412,7.997433333299999,1.1155838430923166,11
16,860,TEACH,11.059234006064278,0.46279355032103403,4.234404762,1.2355442231825402,8
17,860,TRIP,10.27732186317444,0.41593279706107245,7.527483333299999,0.9329358007733797,11
18,860,WANT,9.467532444000245,0.3143295699899847,6.473142857,1.2428603913536032,11
19,860,WIN,9.998041894700792,0.3967586126592424,8.837569444444444,1.2006627408898431,10
20,860,WORRY,10.474784326553344,0.441208235,2.055166667,1.105163668095756,11
0,865,ADVICE,11.963772773742676,0.3897751013437907,8.841766666599998,1.150140105,6
1,865,ALONE,10.448531968252999,0.3825178027153015,1.5823809525714285,0.778254024,8
2,865,BEAUTIFUL,10.261684656143188,0.3213756501674652,7.328714285749999,0.8787334491905241,5
3,865,BEGINNING,9.275601387023926,0.4478928059339523,7.3019,1.5603152368743027,6
4,865,BREATH,9.171608765920004,0.44502118655613493,7.609305555333333,0.24244644315841526,7
5,865,CRISIS,12.404374504089356,0.3233136773109436,1.3265,0.6601972055596723,6
6,865,FAILURE,9.189234787,0.3740344856466566,1.374288888888889,0.2943250980350356,10
7,865,FATHER,10.27195235661098,0.4522849725825446,8.095183673571428,1.498976262923534,8
8,865,FUTURE,12.20809440612793,0.4710930734872818,5.7507,1.3731797019145018,6
9,865,HEART,10.166526385716029,0.38321132745061603,6.992000000142857,1.7132546640043438,8
10,865,JEALOUSY,10.420315742492676,0.31354470252990724,0.511208333,0.14659709531115092,5
11,865,MEMORY,12.200013732910156,0.4487450420856476,3.1756333331999995,1.656037144011564,6
12,865,NOISE,10.673769065311976,0.2543508728345235,5.052309524000001,1.3644922948154665,8
13,865,PAIN,10.705047607421875,0.2208489179611206,0.8795,0.004666667,2
14,865,SHAME,10.571779932294573,0.3679036015555972,1.022612245,1.5109031965260018,8
15,865,SPOUSE,10.105585840013292,0.38017114135954116,8.932873016,0.4053536905198961,10
16,865,TEACH,12.846591631571451,0.4158690161175198,6.468462962888889,1.0010712303539004,10
17,865,TRIP,10.53493857383728,0.35201373554411386,9.431916666833333,0.4995681328007778,7
18,865,WANT,8.381180967603411,0.4511717866574015,5.359095238285714,0.8629556375619966,8
19,865,WIN,11.754486015864781,0.47922432848385405,6.182404762,5.128914128160374,8
20,865,WORRY,8.978885968526205,0.3517621994018555,1.228138889,0.35580817648051444,7
0,872,ADVICE,10.375945806503296,0.3971965795471555,6.991028846,0.6900603649912141,9
1,872,ALONE,11.01484239,0.4338011335995462,5.038750000124999,1.2764244478873938,9
2,872,BEAUTIFUL,11.737633281283909,0.37328646225588663,6.719148148222222,3.0237428012525394,10
3,872,BEGINNING,9.463677565256754,0.4263226379241262,6.385537037,1.0936482003638492,10
4,872,BREATH,10.544925832748413,0.4563551684220632,4.975116666699999,3.737354038811913,11
5,872,CRISIS,13.571195030212403,0.40154448693448846,5.092,1.2029864389002525,11
6,872,FAILURE,11.20669686794281,0.44763483852148056,5.928,4.460816856,9
7,872,FATHER,9.368956614,0.3302050617608157,7.86847,1.0319707360191954,11
8,872,FUTURE,11.696717143058777,0.4428461152646277,8.944208334,0.3596802157204873,9
9,872,HEART,11.83669137954712,0.3897515134377913,5.05025,2.3936137417251464,11
10,872,JEALOUSY,11.347705125808716,0.4084296094046699,3.4031458333750004,2.621541992271637,9
11,872,MEMORY,11.744476636250814,0.45142969075176453,4.560148148111112,3.0003054248605387,10
12,872,NOISE,10.328845977783203,0.33896776,4.186614285714286,2.9694308596092953,8
13,872,PAIN,13.176171112060548,0.4063449615781957,4.569916667,3.2133461143303568,11
14,872,SHAME,9.187160110473632,0.44222010565655573,3.033983333,2.960754348,11
15,872,SPOUSE,10.787519550323486,0.3720349761572751,5.8232272727000005,3.0197062143249616,11
16,872,TEACH,10.217988702985975,0.4198347686065568,7.540777778,0.727559132,10
17,872,TRIP,11.464720090230307,0.4714827166663276,7.106666666666667,1.9359587213674498,10
18,872,WANT,11.501267433166504,0.47932440290848416,5.978283333,2.8684693754920527,11
19,872,WIN,13.601263284683228,0.46895760191338404,7.766437500124999,0.6061330929798158,9
20,872,WORRY,11.623720979690551,0.4378766043619676,5.589074999999999,2.7173624450581673,11
0,873,ADVICE,12.469206809997559,0.4111250162124634,4.5209,2.4008079518061853,11
1,873,ALONE,13.035701465606689,0.42118771407339306,2.2771,1.9132751487147694,11
2,873,BEAUTIFUL,12.184909003121513,0.3930318366203989,7.834714285714285,1.2378794830959214,8
3,873,BEGINNING,12.091600060462952,0.43409034195873475,7.0793541666249995,0.7816405667692188,9
4,873,BREATH,13.591132481892904,0.4648206373055776,7.037037037,1.926006798659164,10
5,873,CRISIS,12.750703144073487,0.3840934541490343,4.0345,3.002702697167189,11
6,873,FAILURE,10.684687296549479,0.38222151067521837,5.057092592555556,3.8409463664497476,10
7,873,FATHER,11.50580194261339,0.4276508159107632,8.482481481333334,0.6086686975064997,10
8,873,FUTURE,11.473338794708251,0.42696655663576993,6.158200000000001,3.191269161900801,11
9,873,HEART,10.607411503791809,0.42407910608583027,7.553125,1.1917214379080359,9
10,873,JEALOUSY,11.771911382675171,0.4024352870053715,3.7256875,3.6424418098051436,9
11,873,MEMORY,12.114622116088867,0.3997913784450955,7.13285,3.0280714842972105,11
12,873,NOISE,13.511917889118195,0.3823670711782243,3.9946875000000004,3.061716371054605,9
13,873,PAIN,12.759487469991049,0.44338002668486703,5.335481481444444,1.5282774548028628,10
14,873,SHAME,9.565604959215436,0.45447273765291485,4.645428571,1.7206996545273543,8
15,873,SPOUSE,11.918356132507324,0.3884051100774245,7.652549999899999,1.8389420224081714,11
16,873,TEACH,11.725270652770996,0.4090971209786155,5.93945,2.200966786841321,11
17,873,TRIP,12.170544624328613,0.4259005318988453,4.781866667,1.805562954828927,11
18,873,WANT,10.217625498771667,0.3427060186862946,5.948249999750001,3.854459154692664,5
19,873,WIN,13.274605645073784,0.44105327592955695,8.918648148222223,0.7184799798823491,10
20,873,WORRY,9.008023166656494,0.4888712232763117,2.9814166667000004,1.8780161472821348,11
0,877,ADVICE,11.478262960910797,0.41427512147596907,7.794895833,1.9038070190825533,9
1,877,ALONE,11.556869459152221,0.40734482341342504,1.5872285712999998,1.263374451272112,11
2,877,BEAUTIFUL,11.898249912261964,0.38314293297854335,8.768616666700002,0.6577272824540998,11
3,877,BEGINNING,11.11359167098999,0.4441594513979825,7.171666667,1.4329440796157127,11
4,877,BREATH,14.566191101074219,0.446888283,5.04555,2.360109607751002,11
5,877,CRISIS,14.55459680557251,0.3975964757529172,1.663833333,1.4767070301892278,11
6,877,FAILURE,13.555910301208495,0.4730274574323134,2.747857143,2.3085547934650386,11
7,877,FATHER,11.558601522445679,0.49695784557949413,6.816666667,2.1046322992865445,11
8,877,FUTURE,13.540393257141114,0.4612950904802843,7.446516667,2.6522451002212972,11
9,877,HEART,11.648919582366943,0.5436115850101818,4.292087500000001,1.875524336685611,11
10,877,JEALOUSY,11.551306629180909,0.3858344896273179,7.475591667,1.7358972698943842,11
11,877,MEMORY,10.97300820350647,0.48106661493127995,5.506785714299999,3.0802944144512954,11
12,877,NOISE,12.702751398086548,0.5033952512524345,6.295516666599999,1.4536117211293471,11
13,877,PAIN,13.580183696746825,0.4707280384169685,4.58827,2.030675672774951,11
14,877,SHAME,12.49957971572876,0.4908239494670521,2.627333333,2.3431614259126423,11
15,877,SPOUSE,12.40532808303833,0.39413821263746784,8.409971428599999,0.48620990273213044,11
16,877,TEACH,12.196355819702148,0.4930634942921725,4.628733333,2.1413476772860593,11
17,877,TRIP,12.24291009902954,0.5430881943967607,8.239716666700001,1.854829660461473,11
18,877,WANT,10.75535683631897,0.4267522838380602,7.122799999900001,2.825296545994546,11
19,877,WIN,15.286663150787353,0.49293301484801555,6.426733333,2.5597946103657248,11
20,877,WORRY,13.288598728179931,0.42773386240005495,3.6666666666000003,2.4330091177030417,11
0,888,ADVICE,11.14965099758572,0.41146788862016465,7.9844027777777775,0.8669438819464871,10
1,888,ALONE,12.605881989002228,0.485322339,2.345333333,1.6984344568124101,9
2,888,BEAUTIFUL,11.027888250350951,0.4421251914717934,7.772670833,0.3572933105822547,11
3,888,BEGINNING,10.101251363754272,0.405984966,6.854950000100001,1.1644419261904104,11
4,888,BREATH,11.246435308456421,0.4785760614005002,7.1633700000000005,0.8881134066097641,11
5,888,CRISIS,11.517011070251465,0.44889583912762726,5.005433333,1.279178452618064,11
6,888,FAILURE,9.609440122331891,0.39183354484183447,0.9664285714285714,0.8298573386330299,8
7,888,FATHER,10.956869125366211,0.4769724574956027,7.542133333199999,0.842414547,11
8,888,FUTURE,11.25918960571289,0.4415207283063368,6.755849999899999,0.7362429794254521,11
9,888,HEART,9.168243837356567,0.4653377522121776,8.015733333,0.934182291,11
10,888,JEALOUSY,12.134391519758436,0.4662430511580573,3.705598290555555,2.5395984003035075,10
11,888,MEMORY,10.521253204345703,0.40657850232991305,4.703916666499999,4.0854692366099306,11
12,888,NOISE,10.81663088798523,0.4675774016163566,5.075885714,1.456264763517108,11
13,888,PAIN,10.692983865737915,0.41119746457446704,5.0989249999999995,1.5456656737470753,11
14,888,SHAME,9.335048437,0.46702954173088074,2.089770833,0.8177941834996001,9
15,888,SPOUSE,10.506682205200196,0.41752859191461045,7.981466666599999,1.4879588789858407,11
16,888,TEACH,8.765064001083374,0.41424429850144817,6.34155,2.5559386022868997,11
17,888,TRIP,10.723823308944702,0.434781706,8.243416666700002,0.7214640516556057,11
18,888,WANT,13.28038215637207,0.36791832745075226,6.611674603,1.0459180615965538,8
19,888,WIN,11.936417198181152,0.4490259739485654,6.890685714200001,4.172048752,11
20,888,WORRY,10.08328481,0.3464854896068573,3.016616667,2.606200238385327,11
0,891,ADVICE,11.641947078704835,0.451812208,6.99135,2.0740661076735236,11
1,891,ALONE,11.685764598846436,0.4148945987224579,5.873736363600001,2.6384580425862643,11
2,891,BEAUTIFUL,11.93349847793579,0.41837499791925603,4.959450000000001,1.466731766,11
3,891,BEGINNING,10.874032974243164,0.501296706,6.454747619,3.288076221494984,11
4,891,BREATH,12.310291528701782,0.41446270081732006,8.1028,1.0776133969190125,11
5,891,CRISIS,11.710632276535033,0.3628414657982913,7.563166666699999,2.303087286501527,11
6,891,FAILURE,9.459152539571127,0.3594169629944695,5.561814814888889,2.6833971191358486,10
7,891,FATHER,11.05513505935669,0.37930550358512183,7.106,2.2078410025259063,11
8,891,FUTURE,11.433660697937011,0.44779996059157634,7.9819000001000004,1.0035128230494226,11
9,891,HEART,13.182623624801636,0.4987604656002738,8.7005,1.3550980919158253,11
10,891,JEALOUSY,10.71830153465271,0.4243416807868264,5.817666667,3.1040080346932064,11
11,891,MEMORY,11.949930191040039,0.3712641428817402,7.3534999999999995,1.0733151227481714,11
12,891,NOISE,11.039101123809814,0.44132912321524187,4.575366667,2.965075671909342,11
13,891,PAIN,11.597920513153076,0.4144182010130449,5.9547166664999995,1.0595715236935057,11
14,891,SHAME,12.373659467697143,0.4338162275877866,3.56932,1.8745843213896785,11
15,891,SPOUSE,12.029971408843995,0.4097426094792106,6.3016142856999995,3.7061935931885412,11
16,891,TEACH,12.65010733604431,0.44090680534189397,7.610066667,0.9478879064840242,11
17,891,TRIP,11.851734638214111,0.4806842511350458,6.143983333,2.837005061001167,11
18,891,WANT,10.133315420150756,0.40461497836642796,5.352479999999999,3.4548829087249833,11
19,891,WIN,13.30214695930481,0.49220916466279463,7.6948166665999995,1.4908342921276516,11
20,891,WORRY,13.171226358413696,0.47265910343690354,3.9433833333000003,1.4702887045623498,11
0,895,ADVICE,10.885815811157226,0.39990399967540396,5.76505,2.204805423997478,11
1,895,ALONE,12.70084035396576,0.47101075533363557,8.009649999999999,2.332261194,9
2,895,BEAUTIFUL,12.742562566484724,0.3886449791136242,8.564738095,0.6710987021500698,8
3,895,BEGINNING,10.623290326860216,0.5131459898418851,8.328907407444444,1.3307169064631583,10
4,895,BREATH,11.87564362419976,0.4438292139106327,6.488285714333333,1.8761397539314357,10
5,895,CRISIS,12.874353885650635,0.45741010308265684,2.538416667,0.9615024064672375,11
6,895,FAILURE,11.47038263744778,0.446478405,6.891484848555556,3.0964644539956834,10
7,895,FATHER,10.181051784091526,0.4625709023740556,6.879920635,2.9219168499534955,10
8,895,FUTURE,12.048121611277262,0.4175850266502017,4.019166666666666,2.426042666512391,7
9,895,HEART,13.184096431732177,0.5083475936542857,7.990666666599999,1.0176785812214102,11
10,895,JEALOUSY,11.432261109352112,0.40334951132535934,5.058958333374999,2.0596946956634636,9
11,895,MEMORY,11.456114387512207,0.46084137492709687,6.354716666699999,1.043426657306833,11
12,895,NOISE,13.978583240509034,0.5169761132110249,6.730519048,2.3421016277458704,11
13,895,PAIN,14.101189041137696,0.45894445831125436,5.70963,2.878540519951039,11
14,895,SHAME,10.091734568277994,0.4428572687837813,5.964,2.9524357884556616,10
15,895,SPOUSE,11.893140125274659,0.4651714612137188,8.344757143,1.3697212845940128,11
16,895,TEACH,11.87700867652893,0.4168638603554832,6.569916666625001,2.6229655690280707,9
17,895,TRIP,12.494573545455932,0.46156670396978206,6.842533333,1.863666125751567,11
18,895,WANT,11.438420867919922,0.4115228522907604,7.4547166666999995,0.5486974020216832,11
19,895,WIN,12.00053608417511,0.454265383,7.645125,0.7669110431331635,9
20,895,WORRY,10.547436926099989,0.4041547419296371,6.203481481444444,1.4232200481341337,10
0,896,ADVICE,9.994109221867152,0.5394886934331485,4.963452380999999,3.540271366434659,8
1,896,ALONE,9.394059801101685,0.49034669001897174,6.588949999899998,3.4960229910457095,11
2,896,BEAUTIFUL,12.857907390594482,0.4119850364598361,6.7709,2.173198366874218,11
3,896,BEGINNING,12.016310787200927,0.48755715621842277,7.355150000099999,1.958020459,11
4,896,BREATH,12.469929027557374,0.4593579118902033,6.6143,3.540090725401609,11
5,896,CRISIS,13.473210430145263,0.4817176407033747,5.92529,1.8337228533777945,11
6,896,FAILURE,14.039443651835123,0.49247174263000487,4.8713703702222215,3.764880346952782,10
7,896,FATHER,10.102742290496826,0.45153104283592915,9.227616667,0.572955818,11
8,896,FUTURE,11.940370178222656,0.4871141417460008,5.977783333,2.5839282139300317,11
9,896,HEART,10.013689041137695,0.42610639387911015,6.642442857100001,2.5143378433031245,11
10,896,JEALOUSY,11.49020996,0.46507598540999673,3.9762999999999997,1.6917257170154945,11
11,896,MEMORY,11.439253277248806,0.4816238515906864,5.976648148222223,2.858125525070428,10
12,896,NOISE,11.03542184829712,0.49150528636845675,5.0845333332000004,3.655367462972298,11
13,896,PAIN,14.97508373260498,0.4868002050452762,5.327216667,2.7436814794684388,11
14,896,SHAME,12.59800746705797,0.5125791768232981,6.043277777777778,1.1887317796275758,10
15,896,SPOUSE,11.74579086303711,0.4273509296503934,8.388250000100001,2.0190752283207423,11
16,896,TEACH,11.135101270675658,0.44668604135513307,8.090383333,1.0202944032707857,11
17,896,TRIP,11.52863368988037,0.4340315634554083,6.545050000100001,1.2573085648286273,11
18,896,WANT,12.428066889444986,0.4367388049761454,6.710759259222223,1.7464781608558924,10
19,896,WIN,13.238641452789306,0.5181637260046872,5.211161904799999,4.340708937726312,11
20,896,WORRY,10.31006760597229,0.5340268197986815,4.8871625,1.3075396528404026,11
0,897,ADVICE,9.500486373901367,0.44651492725719105,7.285866667,1.3014343964976278,11
1,897,ALONE,9.952243947982788,0.43588192679665305,4.536383334,1.1909500282637482,11
2,897,BEAUTIFUL,8.438038301467895,0.34654129364273767,8.656799999899999,0.3316466411718287,11
3,897,BEGINNING,10.728951613108316,0.4810650870203972,6.603253968333334,1.9148220108367566,10
4,897,BREATH,10.098311805725098,0.4336636326529763,5.847049999899999,0.8668104400599232,11
5,897,CRISIS,10.838853597640991,0.36759960651397705,4.087516667,1.8002821259855077,11
6,897,FAILURE,11.405347347259521,0.44841314337470317,7.2787999998999995,3.298130158625223,11
7,897,FATHER,7.9920430183410645,0.4139363603158431,7.210242857,0.7981752506784716,11
8,897,FUTURE,11.752091460757786,0.4832279119226668,5.558222222333333,1.2928235000051318,10
9,897,HEART,12.031757640838624,0.45216077295216645,7.730983333399999,1.1363543461295424,11
10,897,JEALOUSY,9.835863018035889,0.4124702925031835,5.726650000099999,2.384045974524212,11
11,897,MEMORY,11.229245376586913,0.4298780923539942,7.9403999999999995,0.9100027481367993,11
12,897,NOISE,10.092459344863892,0.4494280847636136,8.06011,0.7853738052672753,11
13,897,PAIN,10.539832327100966,0.4194402535756429,5.719333333333333,2.607573225985418,10
14,897,SHAME,9.208433485031128,0.5442819481546228,3.7026499999999998,0.9179003593204378,11
15,897,SPOUSE,9.588933563232422,0.4133987475525249,7.073657142799999,2.3648481874537275,11
16,897,TEACH,9.152457332611084,0.4257006482644515,8.0290375,0.9611715873414588,11
17,897,TRIP,9.619748520851136,0.4733728766441345,5.9507333333000005,1.4587296612008338,11
18,897,WANT,8.310874700546265,0.4308949091604778,2.8811250000000004,1.900401986903754,9
19,897,WIN,9.496211051940918,0.48038605600595474,4.4861249999999995,2.307832118486774,9
20,897,WORRY,11.342847919464111,0.41173894730481236,4.519316667,1.6632874510025688,11
0,898,ADVICE,11.253257560729981,0.4861108595674688,7.0063200000000005,3.9574518704590704,11
1,898,ALONE,12.496743297576904,0.5725548764069875,5.635392857200001,3.322888893941333,11
2,898,BEAUTIFUL,13.939220428466797,0.48488836125894025,7.374333333,0.9498094310319541,11
3,898,BEGINNING,14.144616413116456,0.48421929261901164,7.273857143,2.210157156039611,11
4,898,BREATH,11.980198216438293,0.4202131905338981,5.756283333,0.4321489518082855,11
5,898,CRISIS,13.130834102630615,0.4593799276785417,2.644883333,1.8140361197290298,11
6,898,FAILURE,12.749822425842286,0.45648009126836603,6.381116667,1.441441962150417,11
7,898,FATHER,12.420296144485473,0.4507241503758864,6.480199999999999,3.2347710365870257,11
8,898,FUTURE,12.147719287872315,0.46721195632761175,6.168716666700001,1.0693897609205396,11
9,898,HEART,13.789003133773804,0.44196164878931915,6.402985714,0.51493729,11
10,898,JEALOUSY,10.030396282672882,0.4535590103930897,4.547833333,2.2623098018389145,9
11,898,MEMORY,11.621317768096924,0.48902203639348346,5.023533333,0.8173137148118422,11
12,898,NOISE,11.116499042510986,0.4157390859994021,5.56117619,2.517890572,11
13,898,PAIN,14.470388889312744,0.5162065760655836,4.698283333400001,1.105499864279699,11
14,898,SHAME,14.048845481872558,0.42365886894139376,5.1600782053000005,3.3062366349177865,11
15,898,SPOUSE,12.606173086166383,0.38833960728211836,6.83265,1.3713887708680164,11
16,898,TEACH,11.929049301147462,0.4088869999755513,6.607883333500001,2.9331265185255306,11
17,898,TRIP,11.440314722061157,0.4468750140883706,7.325366666700001,1.383604954237789,11
18,898,WANT,11.430514669418335,0.49351265918124804,5.251050000000001,2.2401192575987285,11
19,898,WIN,14.692869901657104,0.4985415144400163,7.166048717999999,3.4993366479289185,11
20,898,WORRY,11.032375717163086,0.48506491509350863,2.870882143,1.4120551274104423,11
0,899,ADVICE,11.241096496582031,0.4951995535330339,5.6918500003000005,1.0782134064723303,11
1,899,ALONE,12.160037803649903,0.47587489973415026,4.141528571,1.0729744713473504,11
2,899,BEAUTIFUL,11.105306339263915,0.4523203633048318,6.9649666666000005,2.0221867150149007,11
3,899,BEGINNING,12.573226022720338,0.4758677590977062,5.5338333335000005,2.4823076888520803,11
4,899,BREATH,11.27471466064453,0.5266368681734258,5.884899999899999,0.29519103459231955,11
5,899,CRISIS,11.85986042022705,0.4908088667826219,5.629566666700001,1.4805763460481305,11
6,899,FAILURE,13.382991886138916,0.4927086819301952,4.753100000200001,2.4374250391551215,11
7,899,FATHER,12.924258804321289,0.423428674,5.827228571499999,1.3045627854558548,11
8,899,FUTURE,12.018224143981934,0.4836195273832841,6.178366667,0.8893005020204178,11
9,899,HEART,12.833658027648926,0.4577417330308394,6.29645,0.9515352712387375,11
10,899,JEALOUSY,12.611579132080077,0.44159143512899224,3.36465,1.5326358013646078,11
11,899,MEMORY,12.174020576477051,0.4102232402021235,6.1204,2.382301083838199,11
12,899,NOISE,13.100744581222534,0.4135235347531059,3.4562,1.9257812224691693,11
13,899,PAIN,12.738626956939697,0.3943866312503815,3.7078500000000005,0.9544003281772395,11
14,899,SHAME,11.87265157699585,0.4082412763075395,4.76725,1.1836202480497422,11
15,899,SPOUSE,10.248164176940918,0.39618502150882373,7.867333333,0.8752635064324211,11
16,899,TEACH,10.06379656791687,0.4177322219718586,6.167933333,0.8208656237174539,11
17,899,TRIP,12.251987171173095,0.5089693833481181,6.7568333331999995,2.702223460554279,11
18,899,WANT,9.708450078964233,0.44433355662557816,5.0881166666999995,1.5807873118964246,11
19,899,WIN,11.441288471221924,0.4662869128313932,8.736083333,1.0329444589776569,11
20,899,WORRY,11.747959804534911,0.431240419,5.270354546,1.7708938181512264,11
0,901,ADVICE,12.105262226528591,0.4451859023835924,7.441851852,0.8601625743325186,10
1,901,ALONE,11.109350310431587,0.4215424814158016,4.921203703555555,1.7728999854699177,10
2,901,BEAUTIFUL,10.939574930402967,0.5114023798041873,7.447314814888888,0.7578924382610285,10
3,901,BEGINNING,10.123098903232151,0.48099456088883535,6.770444444222222,1.2669659380349003,10
4,901,BREATH,12.524064699808756,0.45714179873466493,6.805685185111112,3.4326455458002556,10
5,901,CRISIS,13.360860824584961,0.4928106009960175,2.9113888891111115,2.765958943333372,10
6,901,FAILURE,11.898570656776428,0.5066211404544967,1.7119583333750001,2.2427160734750284,9
7,901,FATHER,11.396027660369873,0.3952069033275951,3.3568,3.1331149106736715,11
8,901,FUTURE,11.717438554763794,0.484909283,7.488975,0.9015940181400695,11
9,901,HEART,11.186972427368165,0.41197998144409875,6.534557142900001,1.126522479469618,11
10,901,JEALOUSY,12.18754514058431,0.4548299683464898,7.743814814888888,1.9578415135550344,10
11,901,MEMORY,11.953471374511718,0.3706131290305745,7.55505,1.0472419524637084,11
12,901,NOISE,9.987901740603977,0.4278987864653269,3.456462963,2.2539469134701338,10
13,901,PAIN,12.246745109558105,0.3780602158771621,3.2606374999999996,1.2005612250110362,9
14,901,SHAME,11.490012804667154,0.472121165,1.795962962888889,0.8061505426490271,10
15,901,SPOUSE,10.441344070434571,0.4529515968428718,8.704966666699999,1.1810633569781324,11
16,901,TEACH,11.107112216949464,0.42800627025690946,6.731216667,0.9129813873256001,11
17,901,TRIP,11.687133312225342,0.4511464259841225,7.976383333299999,1.7741681673318712,11
18,901,WANT,9.109988927841187,0.46183962888187835,6.303716667,2.2454741325967915,11
19,901,WIN,12.148350656032562,0.471369336,8.563145834,1.0120669356337606,9
20,901,WORRY,11.130120701260036,0.5272151380777359,4.630722222222222,1.6124744528023225,10
0,902,ADVICE,10.493338751792908,0.4944555461406708,5.558900000100001,2.0304789104277376,11
1,902,ALONE,11.228810024261474,0.4474390215343899,3.5045600000000006,2.3449066356680386,11
2,902,BEAUTIFUL,11.176707458496093,0.43579878156835383,5.094783333,2.339381283184391,11
3,902,BEGINNING,13.498398399353027,0.516155766,6.5659,1.6257364926687805,11
4,902,BREATH,9.864021195305718,0.4063303894466824,7.488185185222223,0.3707053252164574,10
5,902,CRISIS,10.937376832962036,0.49915165630253877,2.0099954545000003,2.620290215228884,11
6,902,FAILURE,11.365139484405518,0.42607357610355723,6.522516667,1.9522063010349253,11
7,902,FATHER,11.371444749832154,0.44605623483657836,6.57935,3.3474463553509146,11
8,902,FUTURE,10.762331771850587,0.4510816991329193,7.219450000000002,3.004270819767724,11
9,902,HEART,13.602510070800781,0.5548559416424145,4.793216667,1.4445392873139482,11
10,902,JEALOUSY,10.876342582702637,0.42522030039267106,3.236616667,5.261425298339414,11
11,902,MEMORY,13.559863185882568,0.47882054068825464,7.312433333300001,1.9029195830643615,11
12,902,NOISE,11.95594015,0.4454492568969727,6.5396666667000005,2.201787113383891,11
13,902,PAIN,10.873691940307618,0.46312564503062853,3.21757,2.023593367749559,11
14,902,SHAME,11.440355110168458,0.4667566987601193,6.1866,1.3425011441873005,11
15,902,SPOUSE,10.52753178278605,0.3688331365585327,6.850851852000001,1.3574737563983412,10
16,902,TEACH,11.247553586959839,0.4732333134521138,4.865233333,1.0944577703192673,11
17,902,TRIP,9.641402149,0.45419787872921336,7.446766667,1.7468789165859684,11
18,902,WANT,9.761475467681885,0.454897048,7.865316666599999,0.9226994547072558,11
19,902,WIN,10.510927412245008,0.47207749221060014,7.829476190333334,1.2927583037593788,10
20,902,WORRY,11.263837432861328,0.5133664846420288,3.796878572,2.742623343655604,11
0,904,ADVICE,11.983363287789482,0.4495534896850586,7.580999999999999,0.7222580826886376,8
1,904,ALONE,12.152447064717611,0.4328155093722873,6.515412698333333,1.963233203247022,10
2,904,BEAUTIFUL,10.408345639705658,0.4584008678793907,8.1685,0.43263859787004527,9
3,904,BEGINNING,10.907044728597006,0.42254513303438823,7.618361111166667,0.2754401780543481,7
4,904,BREATH,11.345015117100306,0.44879227450915743,8.672309523857143,0.49074604679026146,8
5,904,CRISIS,14.538306660122341,0.4828523013326857,3.2610925924444447,4.587371253391312,10
6,904,FAILURE,12.272330178154839,0.48372585219996317,4.703018518666667,1.375372089598733,10
7,904,FATHER,11.476052165031433,0.438457197,8.296437499875001,0.6301228769220772,9
8,904,FUTURE,10.953479886054993,0.42613904343711007,8.0273125,0.9966616100077967,9
9,904,HEART,11.724613428115845,0.4385308623313904,8.1734375,0.8975344312301629,9
10,904,JEALOUSY,12.29406903,0.4034558918741014,8.286841269888889,1.7414934479545614,10
11,904,MEMORY,10.30023325814141,0.49411786198616026,7.475714285777777,0.9203749802459784,10
12,904,NOISE,12.444074630737305,0.4120668577296393,4.257761904714285,0.9203346675329406,8
13,904,PAIN,10.111418883005777,0.5025063693523407,2.55127381,1.4279582589886495,7
14,904,SHAME,13.11179780960083,0.41314703391657936,2.505,0.832744903,9
15,904,SPOUSE,10.124993205070496,0.45021447645766394,8.703354167,0.5139273282275804,9
16,904,TEACH,12.988352394104004,0.4693443556626638,6.1634,0.8570581755994163,6
17,904,TRIP,11.184097290039062,0.3992128849029541,7.193674999999999,1.8131995107061443,6
18,904,WANT,10.81145966053009,0.3992115656534831,7.5820625,1.1175627298179394,9
19,904,WIN,13.596154034137726,0.5184655098451508,8.160125,0.73143711,9
20,904,WORRY,12.347779035568237,0.4382858514785767,1.88675,0.4585212649319003,5
0,905,ADVICE,11.982583045959473,0.4622444232304891,7.847648148333333,1.4958634529087862,10
1,905,ALONE,12.109893662588936,0.4311105800526483,3.5680769229999996,2.1040928296629695,8
2,905,BEAUTIFUL,10.409022617340089,0.47228876569054346,7.805114285699998,0.6053421334604913,11
3,905,BEGINNING,10.325268404824394,0.552174697,5.907772108714285,1.2879382599459253,8
4,905,BREATH,12.141689121723175,0.46716902818944717,6.864520833,3.183823520136487,9
5,905,CRISIS,10.107439915339151,0.4375769601927863,1.5778095237777778,1.2914942882170501,10
6,905,FAILURE,9.586704201168484,0.4881214287545946,2.360840404111111,0.8644202318147545,10
7,905,FATHER,11.431567621231078,0.5352255225181579,5.669033333400001,1.251040329144846,11
8,905,FUTURE,12.265306758880616,0.4502469794316725,7.657000000000001,1.629935539674717,11
9,905,HEART,11.804809093475342,0.48631440726193514,7.294319047600001,0.9675953636325255,11
10,905,JEALOUSY,10.533659267425538,0.4702859423377297,4.3572125,2.0064110596151057,11
11,905,MEMORY,13.490500926971436,0.44143010924259823,7.200125000000001,1.8131913416164112,9
12,905,NOISE,10.80381932258606,0.4438711746172471,4.9702625,4.690819189184869,11
13,905,PAIN,6.407270765304565,0.4699749632315202,5.548771428499999,2.4357445634280097,11
14,905,SHAME,5.132625784192767,0.4815127264176096,2.137462585,0.5460334827924965,8
15,905,SPOUSE,10.551154184341431,0.45589903267947113,8.212304762,2.249186791978185,11
16,905,TEACH,9.800960159301757,0.531919037,7.102869048,2.218959533,11
17,905,TRIP,13.165305233001709,0.4789510575207797,8.406900000099998,1.156961250914317,11
18,905,WANT,9.104377375708687,0.4840250346395705,6.080629629555556,1.6617639038223553,10
19,905,WIN,10.378982543945312,0.5764560358090834,7.898037272799999,1.6757446875199489,11
20,905,WORRY,8.320789194107055,0.5296898716025882,3.5571600000000005,3.203355654153937,11
0,907,ADVICE,9.262071704864502,0.4757417619228363,6.989700000099999,1.8364906742191416,11
1,907,ALONE,11.860113143920898,0.4010610190304843,7.024499999999999,4.502613122670306,11
2,907,BEAUTIFUL,10.844726705551148,0.370338051,7.478149999999999,1.0831878529882522,11
3,907,BEGINNING,10.911421489715575,0.48245663101022895,6.894754762,0.9826073168355786,11
4,907,BREATH,12.615875339508056,0.47185370813716543,4.2372500000999995,2.5265665151296357,11
5,907,CRISIS,11.583554220199584,0.4483003789728338,7.118716666599999,1.9525143112608478,11
6,907,FAILURE,9.475121974945068,0.49223979910214744,3.0925925925555555,1.4065543223217423,10
7,907,FATHER,10.588233518600465,0.47358577684922654,8.367583334,0.6025753018156508,11
8,907,FUTURE,12.738597583770751,0.49030733162706547,6.4739833332000005,0.6874180821268977,11
9,907,HEART,10.764291048049927,0.537858228,5.88985,1.2297662379518584,11
10,907,JEALOUSY,10.591741943359375,0.4522438108921051,5.768116666699999,2.1113635997029503,11
11,907,MEMORY,11.42663288116455,0.4532620131969452,7.651555555444444,0.746881091,10
12,907,NOISE,10.576390981674194,0.4069648504257202,6.506337500000001,1.2165344079083829,11
13,907,PAIN,12.466712427139282,0.4083580569787459,5.017716667,1.7087930486850849,11
14,907,SHAME,9.522771120071411,0.4115158877589486,1.8523714286999997,1.2391934260983042,11
15,907,SPOUSE,9.700803709,0.3685634818944064,7.135583333,0.9615631875761697,11
16,907,TEACH,9.976115655899047,0.4204002076929266,6.541261904800001,0.643609943,11
17,907,TRIP,10.937005949020385,0.41422651939921906,7.838133333,0.8791994829402361,11
18,907,WANT,10.072781801223755,0.428011461,6.25125,1.047166800580834,11
19,907,WIN,12.664155006408691,0.4622245409271934,7.363171429,0.9905509903447317,11
20,907,WORRY,12.07896990776062,0.3935913887890902,2.17675,1.060587896526052,11
0,909,ADVICE,10.815643906593323,0.40682435615195167,6.274020833374999,1.6141498168935215,9
1,909,ALONE,10.573659801483155,0.42476979277350685,6.1652500000999995,2.198047836836754,11
2,909,BEAUTIFUL,11.535273504257201,0.39662063338539816,7.512466667,1.843559817421592,11
3,909,BEGINNING,11.308794566563197,0.49094447067805697,5.653376623428572,2.1852205867812957,8
4,909,BREATH,13.350152969360352,0.4413565604223145,6.276125,0.8157672979488307,9
5,909,CRISIS,10.58119077682495,0.47356842864643445,3.6943333332000003,1.7751907900765953,11
6,909,FAILURE,9.733231862386068,0.3946085015932719,3.594595238166667,3.585002184256003,7
7,909,FATHER,10.153206944465637,0.4374956521723006,7.717729166750001,1.020635867243492,9
8,909,FUTURE,12.328916277204241,0.42286214445318493,7.764095238142858,1.0305100698154444,8
9,909,HEART,9.902480792999267,0.4108623873103749,5.793528571400001,2.5719269698506033,11
10,909,JEALOUSY,10.850481669108072,0.36313290823073613,2.982083333166667,1.099577115657626,7
11,909,MEMORY,11.976078629493713,0.4099520825677448,7.959895833,1.0476004875306313,9
12,909,NOISE,10.467456681387764,0.5370252813611712,5.309809523714285,2.4915866038922756,8
13,909,PAIN,15.09591031074524,0.38392211579614216,2.2383125,1.6104994363268355,9
14,909,SHAME,10.868062615394592,0.5107952853043874,5.568104167,1.4560461933956677,9
15,909,SPOUSE,12.266553020477295,0.34445279782468624,2.827785714,2.824895992413931,11
16,909,TEACH,11.30099884668986,0.4146332400185721,8.911166666666666,0.5628647955846056,7
17,909,TRIP,10.106307983398438,0.46831468161609435,7.744083333374999,1.2400481427665753,9
18,909,WANT,10.904037846459282,0.3797391043768989,7.748907407333332,0.9536768368464662,10
19,909,WIN,11.669370651245117,0.5107875929938422,7.559922364666668,1.4352227705878273,10
20,909,WORRY,11.825723648071289,0.44005835375615526,7.629767857142857,1.9760109703416915,8
0,913,ADVICE,11.041903591156006,0.4602291692386974,5.840980952300001,2.200521873164783,11
1,913,ALONE,11.559075355529785,0.47022747180678626,5.521171429,1.1155557048769706,11
2,913,BEAUTIFUL,11.79785156,0.4580965307625857,4.486083334,3.5624764388904464,11
3,913,BEGINNING,11.277442932128906,0.5501580102877184,4.823548214,2.1108740371024894,11
4,913,BREATH,14.758022202385796,0.5241922926571634,5.868499999999999,1.1410769579615736,10
5,913,CRISIS,13.793872833251953,0.47046672756021674,5.6232909091000005,1.9281984409740187,11
6,913,FAILURE,11.170239353179932,0.4946952548894015,6.1392299999999995,2.2869780110442686,11
7,913,FATHER,9.896605968475342,0.4620258862322027,6.618800000000002,1.854253524766359,11
8,913,FUTURE,12.769826507568359,0.4483088726347143,4.811883333399999,1.8567597241004496,11
9,913,HEART,13.726812744140625,0.4122166173024611,5.036883333,1.1056617850745467,11
10,913,JEALOUSY,10.824010562896728,0.47472127242521805,4.803266666700001,2.3725563118947646,11
11,913,MEMORY,13.533052825927735,0.46919293295253406,2.676033334,1.8205203985542093,11
12,913,NOISE,13.778155422210693,0.4604114015897115,5.985914286,1.5840094033378163,11
13,913,PAIN,11.944242906570434,0.4748566427014091,5.24384,1.845289556953054,11
14,913,SHAME,11.62021279335022,0.4577194631099701,3.2929761903999997,1.6956827266261092,11
15,913,SPOUSE,11.49304165840149,0.4104838013648987,8.194550000000001,1.084010427186934,11
16,913,TEACH,12.889836692810059,0.4956079515543851,5.592419048,2.3799527685245114,11
17,913,TRIP,10.244961261749268,0.417302791,6.252300000100001,1.4049604906801747,11
18,913,WANT,12.151632976531982,0.5049029279838909,4.637027273,2.4399504548093227,11
19,913,WIN,12.633405590057373,0.4636248177952237,5.858233333300001,2.765227973,11
20,913,WORRY,12.14845380783081,0.5057709737257524,5.369169091,2.0222908885376074,11
0,914,ADVICE,9.264521174960667,0.38300083577632904,7.489999999888888,1.375771011883092,10
1,914,ALONE,11.555732107162475,0.43163391026583586,6.111091667,2.0639150676227005,11
2,914,BEAUTIFUL,11.119083786010743,0.4350624225356362,8.7085,0.44799041101635206,11
3,914,BEGINNING,10.294819784164428,0.4455828986384652,6.96715,1.566399362750459,11
4,914,BREATH,11.310462474822998,0.43352464274926616,6.526966666700001,0.584055255,11
5,914,CRISIS,11.277902507781983,0.3618875969539989,6.032933333399999,1.6683303314086175,11
6,914,FAILURE,9.521928119659425,0.4466074575077404,6.261483333,2.471413953866135,11
7,914,FATHER,10.213779401779174,0.4348855197429657,7.624821428600001,2.2035832282510506,11
8,914,FUTURE,11.36784062385559,0.43293276862664654,8.201016667,0.7129669288597705,11
9,914,HEART,10.978015995025634,0.41849321614612234,7.37141,1.488806740312523,11
10,914,JEALOUSY,10.243488597869874,0.35555745032098557,2.074442857,1.5564438213269887,11
11,914,MEMORY,12.828198909759521,0.44603085788813507,6.146700000000001,2.384175937300811,11
12,914,NOISE,11.618117141723634,0.4010311392220584,6.26085,1.8018528802319016,11
13,914,PAIN,10.867044591903687,0.438369666,4.703533333399999,1.8158129806523335,11
14,914,SHAME,10.846148490905762,0.43273465525020255,4.620183333,1.3278485073686306,11
15,914,SPOUSE,10.480713844299316,0.3911960038271817,6.760928571500001,2.3133539213027032,11
16,914,TEACH,9.455755424499511,0.44927734407511627,7.1557,0.6150808654152718,11
17,914,TRIP,9.221224498748779,0.4677315110510046,8.443083333,0.5885416063466069,11
18,914,WANT,10.945844841003417,0.4280995872887698,6.876033333299999,0.9637761812486457,11
19,914,WIN,11.783161693149143,0.43753199378649393,8.012240741,0.8597923341863671,10
20,914,WORRY,11.11958065032959,0.421795963,5.791733333,2.3584250282028356,11
0,915,ADVICE,11.016575908660888,0.3761949273672971,6.741083333,0.7555226392126184,11
1,915,ALONE,12.555179500579834,0.41693102982309127,4.261113462,3.1843353724823515,11
2,915,BEAUTIFUL,9.470335102081298,0.37681427056139166,4.838933333,2.8500320510713326,11
3,915,BEGINNING,11.157217121124267,0.4213713222079807,6.07244,1.3382336320687807,11
4,915,BREATH,9.122692728042603,0.4483598367734389,6.015716667,1.4341691215602115,11
5,915,CRISIS,11.71427035331726,0.4803640494743983,2.3134166666000002,1.2193349539765428,11
6,915,FAILURE,11.35957612991333,0.4556167770515789,5.0118916666999995,2.7937315140740715,11
7,915,FATHER,6.620532965660095,0.42874523347074334,8.543416666699999,0.2956429009364733,11
8,915,FUTURE,11.46352243423462,0.4147205736902025,8.411983333,0.9726113589924004,11
9,915,HEART,10.858842420578004,0.5335602071550157,6.0162738094999995,1.5802636586826886,11
10,915,JEALOUSY,10.45958571434021,0.4272151611068032,6.398285714,5.0613612986957115,11
11,915,MEMORY,12.435239315032959,0.46617811918258667,5.512414286,2.4876281596404457,11
12,915,NOISE,11.537807607650757,0.4790043298687254,4.031457143,1.8100456690899198,11
13,915,PAIN,12.824814510345458,0.4813462046059695,4.070152381000001,2.2007086147643666,11
14,915,SHAME,9.647015190124511,0.4631869511170821,3.6811857141999993,1.3276824845313056,11
15,915,SPOUSE,8.901971790525648,0.42693245278464426,7.8724074074444435,0.9768788417443413,10
16,915,TEACH,13.396039724349976,0.410153944,6.3033,0.7008643649447207,11
17,915,TRIP,9.415191555023194,0.44325743967836556,7.189085714,0.6330525916794543,11
18,915,WANT,9.7348351,0.40577976432713597,7.289216666700002,1.6880192105919325,11
19,915,WIN,11.729978275299072,0.4779380213130604,7.214316667,0.47452885676881873,11
20,915,WORRY,10.06257963180542,0.5383793820034374,5.011620000000001,2.215907688284871,11
0,916,ADVICE,10.288234506334577,0.4743929746605101,5.4105,1.9215383035502474,8
1,916,ALONE,13.813499927520752,0.45225746198133987,6.326483333,1.2154814878287719,11
2,916,BEAUTIFUL,11.338622093200684,0.4376041971974903,9.003962962888888,1.0511230679303432,10
3,916,BEGINNING,12.019976615905762,0.4624407210133292,7.314566667,0.6043488666795495,11
4,916,BREATH,10.65675335,0.465013418,5.255116667,2.221618702227972,11
5,916,CRISIS,12.701051425933837,0.36600314324552363,1.6252399999999998,0.7436972468686435,11
6,916,FAILURE,12.296345710754395,0.47356053699146616,7.337033333399999,1.7301648485740375,11
7,916,FATHER,10.004909133911132,0.48322410583496095,3.5266428571999997,1.7652483770029228,11
8,916,FUTURE,11.86069459915161,0.4638923729459445,8.317057143,1.0171483668358174,11
9,916,HEART,10.938539123535156,0.41404287327419625,6.335138095,3.1759615322521655,11
10,916,JEALOUSY,9.857875061035156,0.43351347012953323,5.3177,1.047344938881169,11
11,916,MEMORY,13.10394001,0.3987870870365037,5.009625000000001,2.924794387419303,9
12,916,NOISE,11.100588321685791,0.42587483416904104,3.8781624999999997,2.407022642835958,11
13,916,PAIN,13.407814216613769,0.34390862529928035,5.288316666599999,2.9821591670591086,11
14,916,SHAME,10.514074908362495,0.46403946346706815,4.224407407555557,2.0733388091703384,10
15,916,SPOUSE,10.140989112854005,0.45719837112860245,8.382414286,0.3155428042593026,11
16,916,TEACH,11.957083172268337,0.4571188646886084,7.544388888888889,0.8134589934068097,10
17,916,TRIP,13.728889412350124,0.5278563678264618,7.006851851777778,2.2058782340486114,10
18,916,WANT,10.392835474014282,0.3506243732240465,8.02045,1.3713218013353154,11
19,916,WIN,13.926497883266872,0.4642750514878167,8.092240740666666,0.9683750820719416,10
20,916,WORRY,12.340258955955505,0.5402729651994176,3.3833333333749995,2.6075702271785826,9
0,920,ADVICE,10.77371610913958,0.43225822491305216,7.805095238000001,3.0281365742149773,8
1,920,ALONE,11.113903760910034,0.5138556488922664,3.0741833333333335,3.4480435036892056,7
2,920,BEAUTIFUL,11.13151650958591,0.44949064917034576,8.315055555666667,0.5731597094684974,10
3,920,BEGINNING,12.112047831217447,0.3901571989059448,7.514814814777777,2.8042679152144916,10
4,920,BREATH,11.811196625232697,0.4439222349060906,7.997145833,0.4566466275308118,9
5,920,CRISIS,12.585873285929361,0.4346381790108151,4.289666666666665,2.399234673058329,10
6,920,FAILURE,10.95614284939236,0.4406197938654158,2.102253968111111,1.496316877198718,10
7,920,FATHER,14.00618772506714,0.47411194064400414,7.782509524,1.2808865928644977,11
8,920,FUTURE,12.591811299324036,0.44957157886690563,6.9941875,1.2651946422550577,9
9,920,HEART,11.44606614112854,0.4150445552335845,5.595354167,2.782223865339642,9
10,920,JEALOUSY,10.978063980738321,0.4966031089425087,3.2588730158888892,1.110690177817691,10
11,920,MEMORY,12.718389511108398,0.3907998402913411,7.596833333222223,2.0286476793283397,10
12,920,NOISE,13.190699259440104,0.41410574118296306,6.342185185111109,2.916722621513673,10
13,920,PAIN,12.261311848958334,0.40225128531455995,4.515351851777778,2.3317011930598133,10
14,920,SHAME,11.721592956119114,0.4752021140522427,2.0717592592222225,0.896130902,10
15,920,SPOUSE,11.571452951431274,0.48325340233065867,7.854233333,2.086490131206184,11
16,920,TEACH,12.840964529249403,0.4591337263584137,7.278680555555557,0.5235799263112664,10
17,920,TRIP,9.020162582397461,0.5214012064717033,7.0150261904999995,0.18295140832640028,11
18,920,WANT,13.439125108718873,0.4500813218680295,7.893823809599999,0.3682685879429507,11
19,920,WIN,11.755117416381836,0.4218473318550322,8.945375,0.35650246435037297,9
20,920,WORRY,11.120539453294542,0.444335981,5.337740740777779,2.3711755986876066,10
0,921,ADVICE,12.293972396850586,0.4767011441967704,7.400583333,2.170993634917833,11
1,921,ALONE,11.065247535705566,0.5367433190345764,4.182866666800001,2.229239750274469,11
2,921,BEAUTIFUL,11.478844118118285,0.39273740432479165,7.745657143,1.3251922747744052,11
3,921,BEGINNING,12.058743095397949,0.4527074607935819,7.019523809500001,0.30295983820375544,11
4,921,BREATH,11.705251502990723,0.423227276,7.596716667,1.0615274450540755,11
5,921,CRISIS,9.671887516975403,0.4881541642877791,0.9765190475000001,0.7102324490965762,11
6,921,FAILURE,9.374506711959839,0.48766271255233073,5.112490476,2.417129424007376,11
7,921,FATHER,12.940447092056274,0.44383810758590697,6.375849999900001,0.6021455549778826,11
8,921,FUTURE,11.973311185836792,0.45779409083453093,8.674487500000001,1.1322652447085886,11
9,921,HEART,11.646760082244873,0.44532349705696106,5.817821429,3.2205973927610763,11
10,921,JEALOUSY,8.473362302780151,0.5157500288703225,2.151102976,1.0622362609902138,11
11,921,MEMORY,12.173939085006714,0.4432180946523493,6.188089194,0.5716710606833383,11
12,921,NOISE,9.804482984542847,0.4665846006436781,1.98474,1.2161149053440632,11
13,921,PAIN,13.147209930419923,0.44427721771326933,5.712149999999999,2.6469137506109055,11
14,921,SHAME,9.264783442020416,0.4851284912890858,3.048464286,2.5218012576144155,9
15,921,SPOUSE,10.961045932769775,0.4478502170606093,8.47745,0.5439256102058033,11
16,921,TEACH,10.541494035720826,0.40042595104737716,7.633649999899999,0.8602191693817465,11
17,921,TRIP,11.335949420928955,0.46035600039694047,8.158433333,0.5698670799026246,11
18,921,WANT,9.000670362,0.39927104765718635,5.423485714200001,2.368848507797347,11
19,921,WIN,10.982642226748997,0.5284667445553674,7.9282407407777775,1.3550157826312998,10
20,921,WORRY,11.848956537246703,0.4702667220072313,1.70165,0.39195227873519384,11
0,923,ADVICE,10.824547588825226,0.4299790627426571,5.741053571,1.5379537308107993,9
1,923,ALONE,11.167765736579895,0.3755125171608395,1.524892857,0.43017407489196535,9
2,923,BEAUTIFUL,9.350383806228638,0.4470326667482203,7.483716666600001,0.7930790207633789,11
3,923,BEGINNING,11.35432243347168,0.4583721771126702,7.400055555500001,1.3569338223817193,7
4,923,BREATH,11.887945890426636,0.46792727212111157,5.509267857125001,2.6614120919196487,9
5,923,CRISIS,13.859052371978759,0.39042614156549627,7.23425,3.422405721308133,11
6,923,FAILURE,11.520211935043335,0.48041707028945285,3.4905624999999993,2.394252990120686,9
7,923,FATHER,12.435911072625053,0.42342785663074917,6.2117962962222215,1.9815862354899758,10
8,923,FUTURE,12.685929775238037,0.40513259917497635,8.892446429,0.6202691936222866,9
9,923,HEART,11.252407193183899,0.46390964090824127,6.363041667,3.5127905522677394,9
10,923,JEALOUSY,8.521684544427055,0.4818335867353848,1.431547619,1.2549220426353564,8
11,923,MEMORY,11.915091461605495,0.41299801667531333,3.8564888888888884,4.894028845099574,10
12,923,NOISE,12.63240416844686,0.4270167776516506,5.162583333333333,2.569979434739418,7
13,923,PAIN,13.091353151533339,0.5005585100915697,5.278870370333333,1.4466352776654894,10
14,923,SHAME,10.116770608084542,0.31428701111248564,2.385948052,0.33403336897760166,8
15,923,SPOUSE,11.946382331848145,0.3672413934360851,8.190183333499998,1.2641615919284912,11
16,923,TEACH,11.059992492198944,0.44469362331761253,7.395571428499999,1.368911694,9
17,923,TRIP,14.569172647264269,0.5298413303163316,6.728384920666666,1.3791008168916512,10
18,923,WANT,11.269288335527692,0.4631472070302282,4.633071428571428,2.6397007243763113,8
19,923,WIN,11.361098183525932,0.4969151284959581,5.914203703666666,3.2833856481733177,10
20,923,WORRY,11.769747734069824,0.46112958192825315,1.219666667,1.2987029321960344,6
0,941,ADVICE,10.619787163204617,0.3922488715913561,7.512796296333333,1.4851854790784118,10
1,941,ALONE,11.46954878171285,0.4663541336854299,2.6911944445000002,2.4853309451735504,7
2,941,BEAUTIFUL,11.628682971000671,0.4049069178955896,9.02375,0.7592752392828768,9
3,941,BEGINNING,11.989896297454834,0.4599146578047011,8.390444444444444,0.5250754325556767,10
4,941,BREATH,12.445794953240288,0.41022499402364093,8.129333333444443,0.7541840862440862,10
5,941,CRISIS,12.859552807278103,0.4222594049241808,4.916833333444445,2.8272467458506054,10
6,941,FAILURE,8.516001701,0.4734523913690022,0.9323809522857143,0.36187252220349725,8
7,941,FATHER,11.064123487472534,0.4637963257052682,8.027963637,1.081400033774536,11
8,941,FUTURE,13.511640442742241,0.4468858520189921,8.636296296444444,0.7567694292445509,10
9,941,HEART,12.31046371459961,0.42049865397540004,7.4277299999999995,3.5792196474930122,11
10,941,JEALOUSY,9.730762163798014,0.4238281349341075,1.0063333333333333,0.8453657472693967,10
11,941,MEMORY,11.374582767486572,0.45522668792141807,7.232619047555556,2.9531600889770653,10
12,941,NOISE,12.077469778060912,0.4976217497478832,5.364583333300001,1.2258192724027377,11
13,941,PAIN,13.053946154458183,0.45132106649024145,2.4502857142857146,2.0978168338222782,8
14,941,SHAME,10.883066749572754,0.46350567395036874,1.8986285713000002,2.0968167245026033,11
15,941,SPOUSE,11.161827564239502,0.3979560201818293,9.351933333400002,0.285185671,11
16,941,TEACH,10.12565729353163,0.46296715471479627,6.319259259222222,1.0027337383471089,10
17,941,TRIP,9.872518825531007,0.3833910183473067,9.036516666899999,0.9115530643252998,11
18,941,WANT,11.480576583317347,0.4318236442548888,7.388357142714286,0.5788811013579944,8
19,941,WIN,13.946298281351725,0.4417233102851444,9.395962963,0.45657490631948006,10
20,941,WORRY,11.650151093800863,0.44777728584077625,4.755814815,1.848085380720815,10
0,946,ADVICE,11.267675876617432,0.41143354376157126,7.8357571429999995,0.6459650636404038,11
1,946,ALONE,12.006547689437866,0.43194276425573563,6.424645833125001,3.980326974015615,9
2,946,BEAUTIFUL,13.43228292,0.4391754551367326,7.07865,0.5951179481481054,11
3,946,BEGINNING,10.427133178710937,0.445911152,6.822733333,2.5254782611034776,11
4,946,BREATH,8.805659961700439,0.4597212022001093,4.110533333,2.0107317221792087,11
5,946,CRISIS,14.884087721506754,0.42235422597991096,1.2686666666666666,0.9573299495472478,10
6,946,FAILURE,10.908652850559779,0.4167817841683115,4.183918367285714,1.9111555669304359,8
7,946,FATHER,11.523114109039307,0.4508575677871704,8.358766667,2.2123214470651007,11
8,946,FUTURE,14.341751456260681,0.45517922110027736,5.330354167,3.3866313025742136,9
9,946,HEART,11.638579580518934,0.4023777359061771,7.806555555555556,1.225660436339663,10
10,946,JEALOUSY,13.848711694989886,0.49051982377256664,6.067380952428571,1.5668284149037437,8
11,946,MEMORY,13.303783893585205,0.4113484583117745,6.829116667,3.038246469207532,11
12,946,NOISE,10.005984677208794,0.42831220229466754,1.3179074074444443,0.7638719411152776,10
13,946,PAIN,12.83318657875061,0.4310176600109447,1.15675,0.7891941442552932,11
14,946,SHAME,8.613385465,0.49172223342789545,2.242633333333333,2.0325110487604574,10
15,946,SPOUSE,9.685658514499664,0.4366097011499935,6.663145833250001,4.2675278684521825,9
16,946,TEACH,11.18390523062812,0.4499045951025827,4.968092592444445,3.297447036257223,10
17,946,TRIP,12.84371452331543,0.4764968852202098,6.738344230699999,2.7342493162539023,11
18,946,WANT,10.664925946129692,0.4785208958718512,5.537000000111111,1.9307466297516889,10
19,946,WIN,11.857042503356933,0.4854490127828386,8.355666667,1.1618955788063694,11
20,946,WORRY,12.143776893615723,0.4314231368628415,4.608871429,2.2945469341612323,11
0,947,ADVICE,9.153813314437866,0.4098088898592525,7.364200000000001,0.8547947813053788,11
1,947,ALONE,11.335144758224487,0.4539668687752315,3.600354167,3.0642612776071263,9
2,947,BEAUTIFUL,11.946745978461372,0.3773585690392388,8.136925925777778,0.9475965256503782,10
3,947,BEGINNING,12.236530113220216,0.4493779946457256,4.672266667,3.944437509126777,11
4,947,BREATH,10.727118810017904,0.4399739330013593,6.095000000000001,2.1142358591459978,10
5,947,CRISIS,10.259647655487061,0.4381271573630246,5.33308,1.5129838518635947,11
6,947,FAILURE,10.102481603622437,0.4798588162118738,1.5744666665999998,1.1555138020346811,11
7,947,FATHER,10.844730663299561,0.3639925306493586,1.7462000000999995,2.277471707954739,11
8,947,FUTURE,11.317256450653076,0.43086295194096036,8.347,0.45480150722059215,11
9,947,HEART,10.448398113250732,0.509072701,7.964133333400001,0.7517750420927424,11
10,947,JEALOUSY,10.80008512073093,0.41716587079895867,5.179911111,3.963561346538966,10
11,947,MEMORY,11.486122488975525,0.45278375170060564,6.633541666749999,3.4265860735880986,9
12,947,NOISE,12.57709158791436,0.4177642837166786,3.294944444444445,2.048018679114036,10
13,947,PAIN,12.688947041829428,0.48818661520878476,2.3002222221111115,2.5164501308843854,10
14,947,SHAME,9.746085060967339,0.4185233745310042,0.9050370371111112,0.4102367014950103,10
15,947,SPOUSE,10.623490238189698,0.3605253425511447,4.736366667,4.013958194657889,11
16,947,TEACH,9.185184955596924,0.43471170392903413,6.3574,0.7148398607817696,11
17,947,TRIP,9.683365440368652,0.46022680130871857,8.7979,0.2836812178983654,11
18,947,WANT,9.779960346221923,0.4016524157740853,8.236866666700001,0.9538229132695092,11
19,947,WIN,12.055706236097548,0.4147297835775784,6.389944444666667,2.456646534203034,10
20,947,WORRY,12.322711626688639,0.4503164448671871,2.9395333333333333,1.3504446777923846,10
0,950,ADVICE,11.789853763580322,0.4930054718797857,5.7514333333000005,2.927002895851891,11
1,950,ALONE,10.845278787612916,0.42605695020068773,6.9018857143000005,3.1897602559403375,11
2,950,BEAUTIFUL,9.810301446914673,0.4191391103797489,7.741030357199999,1.182815757652897,11
3,950,BEGINNING,11.204606771469116,0.4566369853236458,7.052416667,1.4930006233267588,11
4,950,BREATH,10.758934688568115,0.4317269249395891,7.261733333299999,1.2558443029173418,11
5,950,CRISIS,12.618362617492675,0.4684441393071955,3.4084333333000005,1.2003619733845148,11
6,950,FAILURE,11.216417121887208,0.44621891487728466,5.296816667,2.089267358476359,11
7,950,FATHER,11.03983187675476,0.42983451594005934,4.946233333,1.3910401614065802,11
8,950,FUTURE,11.736233043670655,0.44583168680017643,5.8512,1.6518062192137093,11
9,950,HEART,11.06040678024292,0.4149325715170966,8.37445,1.172121423199581,11
10,950,JEALOUSY,13.448136329650879,0.45998554663224656,5.45615,2.5489455889976154,11
11,950,MEMORY,15.480396747589111,0.4546639800071716,6.615300000100001,1.5426494503129216,11
12,950,NOISE,11.606125402450562,0.4873910974372517,5.968914285799999,1.1762809846842788,11
13,950,PAIN,11.379101753234863,0.40155713883313265,2.979716667,1.2185788261323287,11
14,950,SHAME,11.696281909942627,0.4160302796147086,4.1195,2.064302949459292,11
15,950,SPOUSE,11.367561626434327,0.46453101309863004,7.710066666700001,1.2668218665010744,11
16,950,TEACH,9.974063253,0.45077998746525155,5.544133333,1.7620906136055012,11
17,950,TRIP,12.262253665924073,0.39944589788263496,5.00889,2.9490200838583656,11
18,950,WANT,12.671666145324707,0.42420151829719543,4.896233333,1.4505015375357089,11
19,950,WIN,12.98640137,0.5126608783548529,5.012564103,2.795141371416867,11
20,950,WORRY,11.03710412979126,0.3791880715977062,3.7498500001000004,2.7198731317610236,11
0,952,ADVICE,12.106887912750244,0.4208154786716808,6.848349999999999,1.3195685217492874,11
1,952,ALONE,10.764466815524631,0.4217167834440867,5.845907407444444,1.909361025,10
2,952,BEAUTIFUL,10.24356198310852,0.4339459944855083,5.721566667,3.3988896482323474,11
3,952,BEGINNING,12.735255146026612,0.45565828680992126,7.140116667,1.495483571153298,11
4,952,BREATH,11.912010192871094,0.44288126609542156,8.301757142800001,1.460152011840241,11
5,952,CRISIS,14.354917621612548,0.45652147043835034,4.310016666699999,3.2211991234489834,11
6,952,FAILURE,10.039618915981716,0.47182006504800583,6.359592592555556,2.704047058981026,10
7,952,FATHER,12.416807937622071,0.4087203838608482,4.150983333,3.1934042052203058,11
8,952,FUTURE,11.198606967926025,0.4039490228349512,8.33554,1.3149604876193048,11
9,952,HEART,10.656705474853515,0.44538954929871993,6.632694047700001,1.6984721402826943,11
10,952,JEALOUSY,12.369708776473999,0.40250521981053883,5.330125,3.0664736815852116,9
11,952,MEMORY,13.039355489942762,0.4728967871930864,5.258444444333333,3.768359670284694,10
12,952,NOISE,12.679185438156129,0.4651014571840113,5.226933333,3.1904091158920513,11
13,952,PAIN,13.932864401075575,0.4778804024060567,7.272077777777778,1.7567585491466946,10
14,952,SHAME,12.234896850585937,0.4692059966650876,4.930316667,2.639790906675081,11
15,952,SPOUSE,12.36933765411377,0.3999502035704526,8.462999999900003,2.4312780774445524,11
16,952,TEACH,11.698799133300781,0.4336035834418403,7.101685185222222,0.8780362033320382,10
17,952,TRIP,10.576932382583617,0.45169513062997296,6.059916667,1.5382180303000288,11
18,952,WANT,10.832514810562134,0.46690445000475106,7.385742857,0.9255302679655326,11
19,952,WIN,11.134191513061523,0.4549305168065158,6.557399999900001,3.7774648369921673,11
20,952,WORRY,11.915237283706665,0.5306153552098708,5.720916667,2.0840495394733782,11
0,959,ADVICE,,,,,1
1,959,ALONE,10.532225370407104,0.41263769431547687,6.416328571299999,2.4740576580955667,11
2,959,BEAUTIFUL,10.235591077804566,0.38893445946953514,7.4764166668000005,1.1908509787029282,11
3,959,BEGINNING,10.117541551589966,0.46402396474565777,7.021944444500001,0.6162322831919193,7
4,959,BREATH,9.954745864868164,0.4331209610808979,7.091416666799999,0.31826813898058753,11
5,959,CRISIS,11.290893077850342,0.40974055017743793,1.212952381,0.28036896224568275,7
6,959,FAILURE,10.867570686340333,0.33632652163505555,7.485766666800001,6.197529641101184,6
7,959,FATHER,6.001931262016297,0.28312219056216154,7.73678,0.36397820127035085,11
8,959,FUTURE,11.941150824228922,0.4400121739932469,4.045777777833334,3.1445676357875114,7
9,959,HEART,8.522159814834595,0.35305790576067836,6.1634,0.5582780397142528,11
10,959,JEALOUSY,10.985397577285767,0.4142880022525787,1.7559047620000001,1.1887236409005881,5
11,959,MEMORY,9.419289350509644,0.4370979964733124,5.452285714249999,2.619359823298531,5
12,959,NOISE,10.090271234512329,0.40926966733402675,5.4906875,2.0689727019874504,9
13,959,PAIN,11.46499972873264,0.39514687326219344,2.361314814777778,0.789809174,10
14,959,SHAME,9.482603549957275,0.46334538360436756,3.317,2.2712337382079126,4
15,959,SPOUSE,9.836004686,0.4123466410420158,7.733900000000001,0.7631111111758236,11
16,959,TEACH,11.274832010269165,0.38771484579358784,8.356861111166666,0.4329921680830917,7
17,959,TRIP,14.932116780962263,0.4126533716917038,3.6928333332857144,3.319275169345111,8
18,959,WANT,11.884610176086426,0.31362112363179523,4.262111111,1.4003972718801116,4
19,959,WIN,9.991844415664673,0.4612724800904592,3.795305555666667,5.905714575991854,7
20,959,WORRY,11.429610252380371,0.34255559047063194,1.2621999998000002,1.4321561930406275,6
0,963,ADVICE,12.335854148864746,0.41712632992050863,6.987783333,2.175705264,11
1,963,ALONE,11.330961525440216,0.49009715682930416,5.977791666749999,3.4464065685743925,9
2,963,BEAUTIFUL,10.23119397163391,0.4162867697802457,8.506442857100001,0.8909153350810446,11
3,963,BEGINNING,10.891918420791626,0.5256103898088137,5.789338141,1.905918034040101,9
4,963,BREATH,12.656381249427795,0.44232989350954693,7.5383958333750005,1.0223901919566418,9
5,963,CRISIS,12.476443576812745,0.40613721663301644,6.28718,1.319658207643176,11
6,963,FAILURE,10.695230340957641,0.48715334155342793,5.002383333,2.2932564339343906,11
7,963,FATHER,11.25884189605713,0.4787120079452341,4.950342857100001,2.1273934276651802,11
8,963,FUTURE,11.209728082021078,0.4134707904997326,4.06425,1.9657515749347299,7
9,963,HEART,11.865201044082642,0.44996939084746623,6.2404,1.332159623129784,11
10,963,JEALOUSY,9.836991739,0.437661828,4.164133333400001,2.119014101843711,11
11,963,MEMORY,12.339874948774066,0.512109715,7.678601190428571,1.225079556508147,8
12,963,NOISE,11.883236837387084,0.4182773313739083,5.877,1.5535858154675877,11
13,963,PAIN,11.538482761383056,0.39518230990930037,5.348450000000001,2.1736545394330817,11
14,963,SHAME,10.448489427566528,0.46557465030087364,5.450205357,4.123904909544782,9
15,963,SPOUSE,11.43227767944336,0.428564377,7.3206500000000005,1.1318921549379755,11
16,963,TEACH,10.80942006111145,0.4625985714522275,6.147677380899999,1.089702951677763,11
17,963,TRIP,11.988715052604675,0.45800222125318313,6.010854167,2.663261605,9
18,963,WANT,10.041268396377564,0.40817153616385027,4.3650333331999995,2.602063941585143,11
19,963,WIN,10.307786512374879,0.5422136079181324,5.529266667,3.2182988583119623,11
20,963,WORRY,10.893151938915253,0.4641452580690384,3.6968499999999995,1.435715804,9
0,965,ADVICE,10.805684725443522,0.42826397799783283,8.199185185,0.4107723003649783,10
1,965,ALONE,11.920224825541178,0.5058567424615225,6.118179487333334,2.024349290935493,10
2,965,BEAUTIFUL,12.157206630706787,0.47101581530137493,7.722339935,2.387536258708119,11
3,965,BEGINNING,12.74776283899943,0.4858713348706563,7.028925925999999,0.7981310575349926,10
4,965,BREATH,14.228014469146729,0.48344697193665936,7.703966667,1.4487164280196028,11
5,965,CRISIS,14.253897428512573,0.4469583749771118,4.6251366664999995,1.6815529841523584,11
6,965,FAILURE,11.093863169352213,0.4574299540784624,8.345833333222224,2.149365501,10
7,965,FATHER,11.041992950439454,0.49402061321518637,6.448649999900001,1.8890269862436528,11
8,965,FUTURE,11.200257682800293,0.5180043681101365,7.962071429,1.4615013484438755,11
9,965,HEART,11.603974130418566,0.4379044704967075,6.874664021111112,0.48438740203753533,10
10,965,JEALOUSY,10.945373747083876,0.4241344842645857,4.500648148,2.3001601992939156,10
11,965,MEMORY,13.115772777133518,0.46957097119755214,7.0258148149999995,2.847906755205351,10
12,965,NOISE,12.000951184166802,0.5222599612341987,6.883677777777777,1.341510855963032,10
13,965,PAIN,14.269612216949463,0.4650557623969184,5.5035,1.4752596371798687,11
14,965,SHAME,11.782334698571098,0.4774618049462636,5.003018518666667,2.870418186,10
15,965,SPOUSE,12.418887376785278,0.5295868862758983,6.951104166699999,1.7984771915822573,11
16,965,TEACH,12.774559550815159,0.5180277082655165,8.160408730111111,0.4031513269945853,10
17,965,TRIP,10.641465425491333,0.504473953,7.361472222333333,3.8252588521577082,7
18,965,WANT,12.12552089691162,0.47555522322654725,6.091766667,2.9141815813364493,11
19,965,WIN,10.605236625671386,0.48755395954305475,6.570983333300001,3.4834144002289147,11
20,965,WORRY,12.01092921362983,0.47591280274920994,5.550537037111111,1.275479873496246,10
0,970,ADVICE,10.951499819755554,0.39492440472046536,6.758833333,0.4742886929566942,9
1,970,ALONE,10.889614513942174,0.42745002394630793,3.744119047714286,1.0343780990003395,8
2,970,BEAUTIFUL,9.223166306813559,0.4475698351860046,7.881629629666667,0.755262636,10
3,970,BEGINNING,9.562910821702745,0.5237971022725105,6.873232804333335,1.8644131364377863,10
4,970,BREATH,9.871372079849243,0.4898250092159618,6.848333333400001,0.48846267605248583,11
5,970,CRISIS,14.581429767608643,0.39284810423851013,3.6662803571000007,2.824950592969892,11
6,970,FAILURE,11.200317859649658,0.45940055576237765,3.410526191,1.7363339158559885,11
7,970,FATHER,10.012551021575927,0.3745988358150829,8.252316667,0.8034083245077326,11
8,970,FUTURE,12.146134614944458,0.4441834752048765,7.4815625,2.7619832371181925,9
9,970,HEART,10.735566351148817,0.42960604031880695,5.738907407555555,2.605804184513634,10
10,970,JEALOUSY,10.527385976579454,0.40394195119539894,1.8422777777777783,1.6246619747572795,10
11,970,MEMORY,10.91981840133667,0.4483575274546941,4.984730158666668,2.102063796075286,10
12,970,NOISE,11.328106689453126,0.40162617961565655,4.422266667,2.048955777,11
13,970,PAIN,12.55436305999756,0.3767971628242069,2.2830714285999996,1.2466844131946135,11
14,970,SHAME,12.145648622512818,0.49096263376149263,5.381416667,1.7676519297567386,11
15,970,SPOUSE,9.309407329559326,0.3734115009958094,7.7654833333000015,0.44639742204546123,11
16,970,TEACH,10.128613138198853,0.48938273679126393,4.1223624999999995,2.3477873433032648,11
17,970,TRIP,11.792735052108764,0.4620050674135035,5.946216667,2.0364930401773425,11
18,970,WANT,13.583557415008546,0.5207232648676092,5.496033333,2.7683063540217008,11
19,970,WIN,12.55592966079712,0.5170783871954138,5.577122525,2.507572824,11
20,970,WORRY,11.207531770070394,0.4199697262710995,3.824462962888889,0.9349907159280603,10
0,979,ADVICE,11.49172010421753,0.40062782060016283,5.914333333,0.3438253190637651,11
1,979,ALONE,11.608614540100097,0.4303536117076874,3.734210714,2.1666542556129973,11
2,979,BEAUTIFUL,13.089180946350098,0.421992157,8.366633333200001,0.5069353259898809,11
3,979,BEGINNING,13.055876541137696,0.4482084496454759,6.232899999900001,1.772501372744884,11
4,979,BREATH,9.741933537,0.46015514677221125,6.448800000000001,3.5412138500403185,11
5,979,CRISIS,9.716778135299682,0.5650960158218037,3.319901354,2.1644720218514495,11
6,979,FAILURE,9.827799367904664,0.46999880539046396,4.137333333,2.378272523207119,11
7,979,FATHER,10.630734920501709,0.425702828,7.696616666599999,0.5833304882201283,11
8,979,FUTURE,11.676441669464111,0.4783947341971927,6.824166667,1.0472852233113852,11
9,979,HEART,11.78422737121582,0.4244397255507382,4.792,3.4054875978516024,11
10,979,JEALOUSY,11.991712951660157,0.37830314202742144,3.5842285711999997,1.9825573306785467,11
11,979,MEMORY,11.681970071792602,0.45799096064134076,5.64107,1.81703568,11
12,979,NOISE,11.99861011505127,0.4532211886511909,4.414833333,1.1772889016410262,11
13,979,PAIN,12.759983645545113,0.471272226,4.181070707,3.083969791521169,10
14,979,SHAME,12.360809516906738,0.5382963988516066,3.307645833299999,3.2411101435553675,11
15,979,SPOUSE,11.44291067123413,0.4257079178636724,6.91855,1.161166711045796,11
16,979,TEACH,11.686925840377807,0.4604020292108709,7.078485714299999,0.9708829895710209,11
17,979,TRIP,12.33069829940796,0.46594083525917745,5.559183333399999,2.5680964481350124,11
18,979,WANT,9.545572996139526,0.44131242318285835,6.761049999999999,2.2122989237182566,11
19,979,WIN,14.560613536834717,0.46170913793823937,6.6041619047000015,3.041184937625057,11
20,979,WORRY,10.250423121452332,0.43338187228549613,2.94136,1.3756569187119292,11
0,980,ADVICE,11.33149422539605,0.44309001432524786,7.545648148222223,1.007429987333421,10
1,980,ALONE,11.725158585442436,0.4001911921160562,2.486825396777778,2.3573922222185226,10
2,980,BEAUTIFUL,12.441463879176549,0.44315562716552187,6.925952380857143,1.1769140724923748,8
3,980,BEGINNING,12.051116752624512,0.4307080534371463,8.074892857,1.8637859037243285,11
4,980,BREATH,8.930173110961913,0.4676061987876892,6.3676,2.0944236698056353,11
5,980,CRISIS,14.633892059326172,0.47429771307441926,3.394675,1.3930092794019715,9
6,980,FAILURE,11.194055199623108,0.38187355051438016,4.976812499999999,2.387056829790622,9
7,980,FATHER,12.307167530059814,0.5674581815799077,4.671351852,2.888252380087285,10
8,980,FUTURE,14.406435012817383,0.44624364376068115,8.269666667,0.42683333300000115,2
9,980,HEART,12.029269409179687,0.43381510160186076,3.890698214,2.2492465724307373,11
10,980,JEALOUSY,11.763432919979095,0.3858283481427601,2.28925,3.740660771505485,9
11,980,MEMORY,13.55824680328369,0.3711251258850098,2.5525666665999998,1.1051262824524324,6
12,980,NOISE,13.032404613494872,0.46331674131480133,7.106296296333334,2.477693212,11
13,980,PAIN,13.435501766204833,0.4648901467973536,3.606916667,1.1770901728551075,11
14,980,SHAME,11.85645220014784,0.4284044861793518,3.699544444444444,1.2806940483798446,10
15,980,SPOUSE,12.231830215454101,0.42345097877762533,4.117016667,5.666070151027989,11
16,980,TEACH,11.946510457992554,0.5185244435613806,5.332866666699999,3.0273213216484685,11
17,980,TRIP,11.316394223107231,0.45419376558727687,5.139777778,1.144671510701527,10
18,980,WANT,12.149663713243273,0.44877706434991627,4.746888888666667,0.7357611420210457,10
19,980,WIN,13.351451992988586,0.4659157685107655,6.181604167,2.4662533452318756,9
20,980,WORRY,11.468858083089193,0.4420224799050225,3.654648148222222,2.156584443450981,10
0,983,ADVICE,10.555695343017579,0.43440886537233986,6.123500000199999,2.8980078638642945,6
1,983,ALONE,10.889039436976114,0.4644972497508639,1.981972222166667,2.7423053792594025,7
2,983,BEAUTIFUL,11.245834191640219,0.4296436839633518,8.137174603111113,0.713495191,10
3,983,BEGINNING,9.605382442474365,0.5186816573143005,7.973937499999999,0.8788080284005431,5
4,983,BREATH,9.616585731506348,0.3663318157196045,6.476583333000001,0.6592750753668761,3
5,983,CRISIS,12.191184361775717,0.3648122549057007,0.7527777776666666,0.5829557033285285,4
6,983,FAILURE,8.656728426615397,0.4257705254214151,1.3501111111666668,0.7363025682786029,7
7,983,FATHER,10.92098159790039,0.46033307711283367,8.924366666600001,0.48664643809434316,6
8,983,FUTURE,12.022141647338866,0.4285399595896403,7.149300000000001,3.7596195537437356,6
9,983,HEART,11.960472424825033,0.3727751175562541,4.381833333333333,3.9228115125578404,4
10,983,JEALOUSY,9.131267905,0.43248686790466306,2.921833333,3.433223158523011,5
11,983,MEMORY,8.430637427738734,0.4611297973564693,7.601595237999999,2.0528613276213363,8
12,983,NOISE,9.704393387,0.4073388096359041,3.0319134615000003,1.0501876561864667,9
13,983,PAIN,13.52425207,0.42329223453998566,3.9691666665714282,2.9830307294376124,8
14,983,SHAME,8.466927147,0.5064218759536743,2.1762142857999995,0.8088722547313838,6
15,983,SPOUSE,10.422250350316366,0.41620965940611704,8.426888888833334,0.34081530082656214,7
16,983,TEACH,10.02919234169854,0.4453438036971622,7.284111111222221,1.2732611828719322,10
17,983,TRIP,8.947737246751785,0.5324779633018706,8.8019375,0.6406776957331869,9
18,983,WANT,12.539844703674316,0.4419448991616567,6.9944,3.5648249031424593,6
19,983,WIN,11.321320712566376,0.47787051979038453,7.11375,2.1128251220684784,9
20,983,WORRY,12.765767669677734,0.4510916988054911,7.565666667,2.3014828747933898,6
0,987,ADVICE,10.583754396438598,0.4261928986419331,6.2781333333000005,2.1916214100537705,11
1,987,ALONE,9.184746802,0.460864568,2.5214999998749996,2.1396542328077635,9
2,987,BEAUTIFUL,13.076742935180665,0.47619014219804245,7.006349999800001,1.4792881990038547,11
3,987,BEGINNING,10.340475845336915,0.4528563718001048,5.822833333,2.8667060576322454,11
4,987,BREATH,9.718729591369629,0.43486122976649894,7.5335666668000005,2.5821038651253603,11
5,987,CRISIS,11.944443607330323,0.39033712365410544,1.6296,3.258583425332877,11
6,987,FAILURE,11.431223964691162,0.4897994464093989,7.3585333331000005,1.0677580326898977,11
7,987,FATHER,8.842321586608886,0.37083950259468773,7.163566667,3.2577845205915086,11
8,987,FUTURE,12.125046539306641,0.47366555387323556,8.243750000099999,0.7089076140975245,11
9,987,HEART,10.638235187530517,0.4222956597805023,6.5220333334000005,1.3572579494718997,11
10,987,JEALOUSY,10.473137,0.3817161353571074,4.625033333299999,2.1375813030524213,11
11,987,MEMORY,10.863113975524902,0.43453554944558576,6.521330000000001,3.5993879250505914,11
12,987,NOISE,10.336838674545287,0.3501006906682795,5.781416666499999,0.8401358818821512,11
13,987,PAIN,12.41128420829773,0.4201478297060186,4.378183333299999,1.3897763578466977,11
14,987,SHAME,7.854874467849731,0.4502115141261708,2.177220909,2.3028647460254645,11
15,987,SPOUSE,8.861001658439637,0.3969398948279294,5.710179999999999,2.357108510230278,11
16,987,TEACH,8.913925981521606,0.431839779,7.129316666699999,0.6884171861450324,11
17,987,TRIP,10.027114295959473,0.442482148,7.346171429,0.7133767330461571,11
18,987,WANT,9.753043174743652,0.37286349402533636,7.163981481555556,0.8671817876945618,10
19,987,WIN,10.745945644378661,0.46942457142803407,5.423128571,3.885755169,11
20,987,WORRY,12.38950581550598,0.4538685159249739,4.51903,2.889464583101859,11
0,991,ADVICE,11.967634582519532,0.43992008783600545,5.4362,2.556431328140543,11
1,991,ALONE,10.760390864478218,0.49492110941145157,4.335666666555556,5.425994379459947,10
2,991,BEAUTIFUL,9.753795419420515,0.5338517661605563,7.705928571428572,0.7930698865676523,8
3,991,BEGINNING,8.145565462112426,0.474289331,7.1281166666999995,0.7161300005042068,11
4,991,BREATH,10.362367510795593,0.4334100865655475,7.840999999999999,2.0024399231452508,9
5,991,CRISIS,9.991820706261528,0.4702418473031786,0.5199814815555556,0.6740986184683867,10
6,991,FAILURE,8.769637465,0.5145303384824232,4.531883333,3.446160550167879,11
7,991,FATHER,10.915440453423393,0.5231294890244802,2.5201878306666665,2.3332861092025774,10
8,991,FUTURE,12.757247352600098,0.49219098687171936,6.885966667,3.3587367840462483,11
9,991,HEART,11.185762405395508,0.5090503530068831,4.989444545,3.016658435378169,11
10,991,JEALOUSY,13.764471583896214,0.461250553,6.319698412777777,2.8577516691936564,10
11,991,MEMORY,12.740631580352783,0.43292782538466984,4.641395833374999,3.728951130251452,9
12,991,NOISE,12.335426224602593,0.40381111900011696,5.270796296222222,1.613671169039872,10
13,991,PAIN,8.319290733337402,0.4440695887262171,2.12024,1.1857170459262194,11
14,991,SHAME,8.128899642399379,0.5129938239143008,4.347523809285714,2.6428626683548133,8
15,991,SPOUSE,14.014005343119303,0.4226101895173391,7.949462963111112,2.284032716064405,10
16,991,TEACH,11.09716501235962,0.4720976564017209,7.662150000099999,1.2504755728536778,11
17,991,TRIP,10.955509805679322,0.5122172740372745,8.282366666700002,0.5409846940381136,11
18,991,WANT,10.123958396911622,0.4743383478034626,7.517016667,0.5015239665024438,11
19,991,WIN,12.237797941480364,0.5099874692303794,7.696523809571427,1.0273275452288506,8
20,991,WORRY,5.926447470982869,0.500911778,4.986321428666667,3.381524320394073,7
0,995,ADVICE,9.588322480519613,0.5037996258054461,6.7141825394999985,2.5031627455976753,7
1,995,ALONE,12.272862911224365,0.47284166018168133,2.028166667,0.8289653856319267,3
2,995,BEAUTIFUL,13.98058727809361,0.5034833486591067,7.567715419428571,1.450137233,8
3,995,BEGINNING,13.778963088989258,0.4708941300710042,7.0427,0.6767481602190318,6
4,995,BREATH,9.973086261749268,0.46740483099764046,6.638964286,1.469740235673008,11
5,995,CRISIS,12.642858028411865,0.4524874931999615,4.381619047714286,2.557761701523979,8
6,995,FAILURE,12.680202007293701,0.5279777675867081,5.772333333,2.5568151711380063,5
7,995,FATHER,12.076697206497192,0.45286848412619696,6.226528572,1.2742569197709872,11
8,995,FUTURE,11.817673285802206,0.5001295237314134,7.791472222,1.4089929963515118,7
9,995,HEART,8.793050920963287,0.5073298652063717,5.054288095,1.9949517383793813,11
10,995,JEALOUSY,10.276494407653809,0.47267343401908873,3.4588200000000002,2.3489517725998548,6
11,995,MEMORY,13.349867139543806,0.44805521837302614,3.288047619142857,3.7766693486933063,8
12,995,NOISE,9.779327333,0.4880413625921522,2.808083333,2.7940659161934747,9
13,995,PAIN,12.006069719791412,0.4415306771794955,1.9255312498750001,1.691634059064756,9
14,995,SHAME,9.081068788255964,0.45975529721805025,4.384976190428572,3.7057194240134965,8
15,995,SPOUSE,14.49170282151964,0.5102248208390342,4.957361111000001,2.293638862868618,10
16,995,TEACH,13.213926050398085,0.49234841068585716,6.910211640222223,1.6576595827298155,10
17,995,TRIP,11.658310294151306,0.5046886495418019,6.441583333,1.9918107512275975,9
18,995,WANT,10.491317927837372,0.48001285642385483,8.676666667,0.3645647616258402,9
19,995,WIN,13.457225608825684,0.5297532419363657,6.87262,2.204101247220735,6
20,995,WORRY,12.555884633745466,0.45430179472480503,4.537801587285714,1.0114152929096483,8
0,998,ADVICE,10.488770532608033,0.4043946623802185,7.756083333,0.5737628405896853,11
1,998,ALONE,12.390213775634766,0.421263889,6.254450000099999,4.9332816482396185,11
2,998,BEAUTIFUL,9.768000221252441,0.3721916534683921,7.803533333199999,0.7037442264292633,11
3,998,BEGINNING,10.772657871246338,0.43706256416108874,6.615966667,2.5392384621531052,11
4,998,BREATH,9.133510351,0.4017600411718542,6.182233333400001,1.6275273533816226,11
5,998,CRISIS,11.85492010116577,0.39260353608564896,0.46426666680000006,0.33428141437035425,11
6,998,FAILURE,10.329362201690675,0.40030087282260257,5.191643056,4.233357392134322,11
7,998,FATHER,6.366396045684814,0.2528087182478471,7.74375,0.3198898812828494,11
8,998,FUTURE,12.105368518829346,0.4763580945405093,7.076333333400001,1.150709665163792,11
9,998,HEART,9.558475971221924,0.44173768867145885,6.249231818299999,0.9257627462420426,11
10,998,JEALOUSY,10.738280248641967,0.338181533,3.7232,1.8092315236817011,11
11,998,MEMORY,10.683581709861755,0.48565374101911274,3.841193453,2.568155505190908,9
12,998,NOISE,9.163733959197998,0.49663714236683315,5.700716667,1.5119465250530597,11
13,998,PAIN,9.923360562324524,0.5101024708964608,3.2589425,1.4025969177074715,11
14,998,SHAME,9.39524703,0.38704957962036135,3.16522,1.3624261811195497,11
15,998,SPOUSE,9.839456367492676,0.36362600109793924,6.255599999999999,0.6750058392433603,11
16,998,TEACH,9.650804042816162,0.39583847251805393,7.299642857100001,0.7240514188340692,11
17,998,TRIP,10.600726795196532,0.46479177420789547,6.6917666666999995,1.9079311988196883,11
18,998,WANT,10.87736267513699,0.4978526002830929,7.068074074000001,1.252572621726512,10
19,998,WIN,11.530207061767578,0.45228235986497667,5.8498428571000005,1.4511938070911206,11
20,998,WORRY,10.760956658257378,0.3614341338475545,4.3358333333333325,2.979383380990593,10
0,1000,ADVICE,10.770109367370605,0.4267692961476066,7.291966666599999,2.6200347654218468,11
1,1000,ALONE,12.050798058509827,0.4577369572860854,4.0394204546250005,2.9547177501285886,9
2,1000,BEAUTIFUL,11.533448457717896,0.4518426184852918,6.643770833,2.3019115409713624,9
3,1000,BEGINNING,10.371112406253815,0.46260027007924187,4.118416667,3.2908939807258153,9
4,1000,BREATH,9.597216939926147,0.3557152910666032,7.766400000100001,0.3686401285757637,11
5,1000,CRISIS,11.121168295542398,0.3991641758216752,5.545796296333334,1.710935995465748,10
6,1000,FAILURE,11.062191645304361,0.37634364234076606,4.664555555444444,3.1899672104120036,10
7,1000,FATHER,11.087266874313354,0.43013162938031285,1.494971429,2.722165386004056,11
8,1000,FUTURE,11.483841843075222,0.3773963376879692,6.8607037038888885,1.8662929802587098,10
9,1000,HEART,12.177263450622558,0.4331749187575446,3.595933333,1.8892654155401836,11
10,1000,JEALOUSY,12.638536739349366,0.3846893305128271,8.148933333,1.6347916065562536,11
11,1000,MEMORY,12.860145854949952,0.47507967948913576,5.037587272800001,1.5678210985589276,11
12,1000,NOISE,12.754277229309082,0.44736435678270126,5.312870370333333,1.9581749053824882,10
13,1000,PAIN,11.587225961685181,0.44407805421135643,5.187970000000001,1.8924982137375979,11
14,1000,SHAME,12.764423688252768,0.4439580970340305,3.9679074073333336,2.315921058442394,10
15,1000,SPOUSE,10.102749252319336,0.3986679716543718,5.871566666600001,2.2557530018274488,11
16,1000,TEACH,11.228749847412109,0.3339431741020896,2.1175833332000003,1.5878555473395384,11
17,1000,TRIP,10.066694736480713,0.3733729206853443,8.628425926,1.0207088028639404,10
18,1000,WANT,12.034202575683594,0.41672606998019746,2.495000000111111,1.4920355285871865,10
19,1000,WIN,13.019332313537598,0.48504842953248456,4.6391666665999995,1.6828022386814399,11
20,1000,WORRY,13.165802160898844,0.46281512247191536,2.184875,2.133112977816335,10
0,1002,ADVICE,10.456414858500162,0.4481847940219773,6.445219576777778,0.6955014818435854,10
1,1002,ALONE,12.044648551940918,0.41357748129151084,5.5205,1.1248290003373846,11
2,1002,BEAUTIFUL,11.127909755706787,0.4741448613730344,8.994766666700002,1.2146258216456847,11
3,1002,BEGINNING,14.713835048675538,0.4897790253162384,7.3467333334000005,1.2544657329724875,11
4,1002,BREATH,12.66581563949585,0.4717891590161757,5.8008999997999995,1.9223708805946687,11
5,1002,CRISIS,12.540852975845336,0.4883186329494823,4.22835,1.6683858859196348,11
6,1002,FAILURE,9.960834646224976,0.5071303599410587,4.435772727400001,1.599247291668166,11
7,1002,FATHER,11.745831871032715,0.46370567083358766,8.029314286,1.124836072126752,11
8,1002,FUTURE,13.08835177951389,0.47099999338388443,7.944203703777777,1.1472549251718172,10
9,1002,HEART,12.966110229492188,0.42284617857499557,5.8073,0.9444600780938339,11
10,1002,JEALOUSY,8.036167621612549,0.4916035998951305,1.5446444444999998,2.871092233455742,11
11,1002,MEMORY,11.297099685668945,0.5307136330339643,4.959123809399999,2.7140384742854318,11
12,1002,NOISE,13.129517412185669,0.42686506780711087,3.275083333,1.7308796203351027,11
13,1002,PAIN,13.620288372039795,0.4664791296828877,3.1866333333000005,1.673597094895659,11
14,1002,SHAME,12.276622200012207,0.43595634433958264,2.35884,1.460631686976563,11
15,1002,SPOUSE,9.738422346115112,0.4321469604969025,7.987530555499999,0.8196104048669416,11
16,1002,TEACH,11.489013290405273,0.4004187589341944,8.866566667,0.313294696,11
17,1002,TRIP,11.312730169296264,0.42481513673608956,7.8652000000000015,1.1218275232801758,11
18,1002,WANT,9.636688470840454,0.366058401,5.676197619,1.2185830863567177,11
19,1002,WIN,11.846418142318726,0.4071327765782674,8.8404,0.8933732130135217,11
20,1002,WORRY,11.46092448234558,0.4925189773241679,1.7971333334000001,1.8654658169287308,11
0,1023,ADVICE,8.74721196,0.43971213698387146,6.835481481333333,1.0506284598104736,10
1,1023,ALONE,12.186869780222574,0.4548285762468974,6.129499999833333,2.1919417170619737,7
2,1023,BEAUTIFUL,8.991450130939484,0.28552974121911184,8.196446429,0.33484997040457376,9
3,1023,BEGINNING,10.471199452877045,0.4322506785392761,7.8986458333749985,0.9318664460785587,9
4,1023,BREATH,10.751304626464844,0.38922251973833355,7.230625000000001,1.5082456616549478,9
5,1023,CRISIS,12.55154447555542,0.3727357215351529,1.5574999998000003,1.7038423872770856,11
6,1023,FAILURE,10.653253449334038,0.41522207276688683,0.9727407406666667,0.44779899672490014,10
7,1023,FATHER,10.10686743,0.37390921797071186,8.04725,0.4381815561749204,9
8,1023,FUTURE,13.245682186550564,0.430635898,9.209148148,0.560891038,10
9,1023,HEART,8.978990448845757,0.4003933001132238,8.473370370444446,0.4791906659178347,10
10,1023,JEALOUSY,10.555582046508789,0.5215234458446503,2.32154,3.3007530143892923,6
11,1023,MEMORY,13.287840485572815,0.4419937751122883,5.9779791666249995,5.626764077536753,9
12,1023,NOISE,10.748418172200521,0.43926042034512475,1.3975925926666666,0.37261814776784324,10
13,1023,PAIN,10.995823383331299,0.42916631897290547,0.527907143,0.15910719980572974,11
14,1023,SHAME,9.840074920654297,0.3455478640066253,0.7323833332999998,0.30347104,11
15,1023,SPOUSE,9.758418613009983,0.36765721227441517,8.507851851777778,0.2860259473533957,10
16,1023,TEACH,9.826944470405579,0.4095828873770578,7.603854167,0.5955113699375313,9
17,1023,TRIP,10.269559383392334,0.49617810448010763,6.340687499875001,1.1913450791058027,9
18,1023,WANT,9.648690700531006,0.3767869500886826,6.258020833500001,0.8933551071031718,9
19,1023,WIN,14.274067521095276,0.44504016439119976,8.83875,0.6036312502912592,9
20,1023,WORRY,10.448638558387756,0.3727087506226131,0.87,0.5003823990109826,9
0,1024,ADVICE,10.809900808334351,0.4689677746759521,8.012542857099998,0.7080019543098763,11
1,1024,ALONE,12.460960865020752,0.49865723053614297,4.718379629666667,2.5193354408722612,10
2,1024,BEAUTIFUL,13.10456109046936,0.4662523340095173,8.09,1.2147996141845459,11
3,1024,BEGINNING,13.147485542297364,0.47239367149092937,7.5979,2.013508273390949,11
4,1024,BREATH,12.336385250091553,0.4051209363070401,3.9589833332999995,5.646748852515755,11
5,1024,CRISIS,13.43477749824524,0.47420921325683596,1.9931027777999997,1.1961232373948656,11
6,1024,FAILURE,12.23735270500183,0.5257504474033009,3.36395,1.5401608854272335,11
7,1024,FATHER,12.009556150436401,0.4288170152240329,3.428966667,1.8410259629759829,11
8,1024,FUTURE,14.807605107625326,0.4159738110171424,4.5342,1.4886000130622359,10
9,1024,HEART,12.302516222000122,0.45284247615120626,3.91805,2.541253664707791,11
10,1024,JEALOUSY,14.818181228637695,0.45093212723731996,5.339685714400001,3.0055881177748667,11
11,1024,MEMORY,13.672885608673095,0.4412189223549583,5.4234166667000006,3.9030119014367766,11
12,1024,NOISE,11.55772705078125,0.5176846040619745,5.996466667,3.1443399819872075,11
13,1024,PAIN,12.792103338241578,0.4479591889814897,3.410183333399999,3.1025243256391937,11
14,1024,SHAME,12.467875003814697,0.5245360480414496,4.246583333333334,2.5978602830689765,10
15,1024,SPOUSE,9.205317593,0.5154241502285004,2.64914,1.702283419410528,11
16,1024,TEACH,10.787743997573852,0.45656550659073725,6.597416666699999,3.1494008579334283,11
17,1024,TRIP,11.984893941879273,0.4987313541499051,3.74315,2.789065251951314,11
18,1024,WANT,11.449463653564454,0.3821701904137929,7.715433333300001,2.109877258139335,11
19,1024,WIN,13.896616315841674,0.5164871730587699,6.4856,1.1397904108715091,11
20,1024,WORRY,11.391173553466796,0.4077452605420893,3.7710333333999997,1.6235917771339463,11
0,1031,ADVICE,12.085721439785427,0.4579758690463172,5.299240740777778,1.369514618,10
1,1031,ALONE,11.982027101516724,0.4412554589184848,5.8234833332000004,1.0903914970000912,11
2,1031,BEAUTIFUL,12.243714213371277,0.4178882555829154,8.47475,1.6216316619007325,9
3,1031,BEGINNING,10.875567754109701,0.48329171737035115,5.749722934444445,0.9028772288292357,10
4,1031,BREATH,11.770247995853424,0.4499383659826385,7.6016041667500005,0.9241880013467827,9
5,1031,CRISIS,11.42237647374471,0.4051677107810974,2.638518518333333,1.712875033502055,10
6,1031,FAILURE,13.545944622584752,0.47647071949073244,5.810404761857144,2.5148049782220863,8
7,1031,FATHER,11.659816530015734,0.43478403819931877,4.943291005222222,2.575795816181091,10
8,1031,FUTURE,12.147897773318821,0.4901620739036136,6.563129629555554,3.5103202330261425,10
9,1031,HEART,12.79002602895101,0.47356207304530673,6.457518518444444,1.8156572158973823,10
10,1031,JEALOUSY,11.014246804373604,0.4386480095840636,6.215077922285714,2.9768818164806254,8
11,1031,MEMORY,13.710883140563965,0.481660846,6.116814814777778,2.8319153229301923,10
12,1031,NOISE,11.670231410435267,0.4952756389975548,6.827261904714286,2.257317950264031,8
13,1031,PAIN,13.500469313727486,0.43232037822405495,5.348185185222222,2.5897978732201556,10
14,1031,SHAME,13.758876164754232,0.5291462090280321,4.172185185222222,1.6162883988689398,10
15,1031,SPOUSE,11.573620160420736,0.4833320432239109,7.285703703666666,0.5782772387461647,10
16,1031,TEACH,10.636320173740387,0.45893548109701704,6.681138393,0.5438382653850022,9
17,1031,TRIP,13.258618884616428,0.45470241208871204,7.505462962888888,1.0860826609526038,10
18,1031,WANT,10.979929023318821,0.4101841284169091,5.146092592444444,0.5635348642553286,10
19,1031,WIN,11.37870888710022,0.5086267926476219,6.00875,0.9704176634283592,11
20,1031,WORRY,10.377390172746447,0.5079723782009549,6.027037037000001,2.675704508014289,10
0,1033,ADVICE,11.268994331359863,0.5217290305429034,8.489860119,0.8959983212796371,9
1,1033,ALONE,9.991752564907074,0.5078541388114294,3.139125,1.8504652604048513,9
2,1033,BEAUTIFUL,7.904863630022321,0.5204657470541341,5.690785714285714,2.703266997551713,8
3,1033,BEGINNING,8.260367427553449,0.5413313433527946,5.923980115142858,1.4553102192686616,8
4,1033,BREATH,9.229996860027313,0.5077327166994413,4.330765625000001,2.7104922948550785,9
5,1033,CRISIS,11.27346462673611,0.4444910579257541,2.4615,1.8787664555352388,10
6,1033,FAILURE,10.946857595443726,0.5102479349483143,6.326219999999999,2.8286458017927942,11
7,1033,FATHER,10.158604383468628,0.41649978458881376,4.307106818,1.8454389591882316,5
8,1033,FUTURE,,,,,1
9,1033,HEART,12.328731775283813,0.4642111510038376,5.036833333250001,1.0103442413459742,5
10,1033,JEALOUSY,9.33207655,0.5167343219121298,3.2099404763333332,1.5530092922406156,7
11,1033,MEMORY,11.853567202885946,0.4928050608862014,6.291870370333334,2.2367745638513683,7
12,1033,NOISE,13.19018555,0.4353615939617157,5.398071428714286,2.4371945915150848,8
13,1033,PAIN,10.780797719955444,0.5147361130941481,3.3686388888333334,2.3501606742758505,7
14,1033,SHAME,11.34953851699829,0.5112231771151224,5.190085714399999,3.647376094693048,6
15,1033,SPOUSE,12.008083879947662,0.4377419385645125,5.663437500000001,2.6195191252111925,9
16,1033,TEACH,11.143804958888463,0.4587193429470062,6.509738094999999,2.3623764670342124,8
17,1033,TRIP,12.696735763549805,0.4776871462663015,6.410299999999999,1.4566893000128296,6
18,1033,WANT,11.847316810062953,0.4200585356780461,6.316510204142857,2.1125556491115587,8
19,1033,WIN,10.552418899536132,0.49242345492045086,6.239857143,4.566910121409279,6
20,1033,WORRY,11.89687728881836,0.39657674233118695,5.807166666666667,2.133148988467498,7
0,1035,ADVICE,11.931997585296632,0.4216061234474182,8.019485714,1.6169438058639691,11
1,1035,ALONE,10.457950115203857,0.4189366394823248,5.489445455,1.5716706407363923,11
2,1035,BEAUTIFUL,11.530551147460937,0.48429394418543037,7.203266666599999,1.0933460935729566,11
3,1035,BEGINNING,11.107825565338135,0.44748662330887534,6.489666667,1.1844243911512367,11
4,1035,BREATH,11.457053852081298,0.4487225895578211,4.831233333400001,1.6969617852135133,11
5,1035,CRISIS,12.847243309020996,0.4351038428870114,6.141200000000001,1.2182442648692193,11
6,1035,FAILURE,10.040558338165283,0.40926476175134835,1.095066667,0.21634467724117662,11
7,1035,FATHER,13.167773294448853,0.5041594023054297,7.608633333,1.292089780116459,11
8,1035,FUTURE,12.402959632873536,0.4116443346847187,7.143679999999999,1.5976551076499586,11
9,1035,HEART,10.853591442108154,0.47045651024038143,7.141333333,0.6868812489088151,11
10,1035,JEALOUSY,10.32224178314209,0.4800933236425573,5.93561,2.311568893846774,11
11,1035,MEMORY,13.340452671051025,0.39418473731387743,5.2091571429000005,2.091138179674033,11
12,1035,NOISE,12.343489599227905,0.3956884400411086,6.128471429,1.8672900881158574,11
13,1035,PAIN,12.398264646530151,0.48409982,4.446666667,1.4467839976242904,11
14,1035,SHAME,14.646744728088379,0.46195106235417455,3.7000000000000006,2.600455918488141,11
15,1035,SPOUSE,12.065567302703858,0.45327949198809536,7.398683333399998,0.7679411670846207,11
16,1035,TEACH,10.645131254196167,0.49145678769458423,7.518185714299999,0.9100013397654994,11
17,1035,TRIP,10.890447092056274,0.4051837763852543,7.3591999998999995,1.8136337671188285,11
18,1035,WANT,11.375675010681153,0.5550219595432282,5.594814814888888,2.7419087036785523,11
19,1035,WIN,11.747289228439332,0.4841653807596727,7.649449999900002,1.146441168318821,11
20,1035,WORRY,13.37548894882202,0.45273277163505554,3.908416667,1.9079194769715808,11
0,1039,ADVICE,10.350756883621216,0.3835418717427687,6.885916666599999,1.2566099398884545,11
1,1039,ALONE,14.060190868377685,0.44425601796670394,6.235871429,1.371602966630406,11
2,1039,BEAUTIFUL,10.599830293655396,0.4191897782412442,6.910303571,2.5336814475430542,11
3,1039,BEGINNING,12.478912544250488,0.4211854018948295,6.15795,1.4368251362884923,11
4,1039,BREATH,11.939622783660889,0.4320210191336545,6.46065,2.4248115133665955,11
5,1039,CRISIS,13.261203575134278,0.43451530066403476,2.6075499998999994,3.606795720208229,11
6,1039,FAILURE,11.226401424407959,0.38471735268831253,0.730783333,0.49680451956593996,11
7,1039,FATHER,12.310118389129638,0.42914436893029645,6.133783333,2.870318806663984,11
8,1039,FUTURE,11.432952165603638,0.4340194561264732,7.558503636499999,1.3080751812594082,11
9,1039,HEART,11.036401462554931,0.4609344840049744,7.1981875,1.264202232388078,11
10,1039,JEALOUSY,11.48907403945923,0.4205036911699507,3.7024500000000002,4.215314099641305,11
11,1039,MEMORY,11.189115810394288,0.42189924120903016,7.0268500000000005,0.9235180934676135,11
12,1039,NOISE,11.483437824249268,0.36878499117764557,3.544216667,0.6817396642498921,11
13,1039,PAIN,9.790179443359374,0.4791981415315108,2.1485,1.194648366675316,11
14,1039,SHAME,11.841014862060547,0.46226200407201595,4.709829999999999,2.9037295643706216,11
15,1039,SPOUSE,11.873655796051025,0.3469542449170893,5.970183333300001,3.4874086408382787,11
16,1039,TEACH,11.45577039718628,0.44901230172677475,7.2405100000000004,1.3993583315219875,11
17,1039,TRIP,12.917275619506835,0.44422504089095377,7.035266666699999,0.8901760046477073,11
18,1039,WANT,11.195578479766846,0.3933838790113276,6.397066667,2.572666920165181,11
19,1039,WIN,11.791397380828858,0.4286975708272722,7.909133334,3.4766758439360244,11
20,1039,WORRY,12.348050308227538,0.4357416868209839,2.7941333334000005,3.073108199813532,11
0,1040,ADVICE,9.815733194351196,0.46848825162107294,4.622449999800001,3.461521568924035,11
1,1040,ALONE,12.373238033718533,0.4189614805910322,1.1932037037777776,0.20744039740770523,10
2,1040,BEAUTIFUL,14.86366319656372,0.46075081990824807,4.375520833,3.1953100397872776,9
3,1040,BEGINNING,12.527457904815673,0.4220555285612742,8.766216667,0.7377476628388674,11
4,1040,BREATH,13.274980306625366,0.4162150198763067,3.4787875,1.6131504032288806,11
5,1040,CRISIS,11.98871021270752,0.3997450498017398,4.23013,3.371850345433498,11
6,1040,FAILURE,14.216111818949381,0.4135678940349155,3.2418518516666675,2.899825184,10
7,1040,FATHER,12.370637321472168,0.3939745744069417,5.658633333,4.257688705328556,6
8,1040,FUTURE,13.058773851394653,0.4812501039769914,6.209366667,2.8434455180997187,11
9,1040,HEART,13.929195880889893,0.45432647520845587,6.00743,2.668555838276576,11
10,1040,JEALOUSY,11.970950412750245,0.48193078366192904,2.12307,1.832672087963365,11
11,1040,MEMORY,14.124646091461182,0.4728590260852467,5.0907166667000014,4.053593214814009,11
12,1040,NOISE,13.820577764511109,0.4769700386307456,8.086783333,1.927272856574667,11
13,1040,PAIN,14.29712142944336,0.4837504359808835,6.341383333,3.527498707,11
14,1040,SHAME,11.010054302215575,0.49698196270249106,1.9848,1.0226277225853015,11
15,1040,SPOUSE,11.562554624345568,0.4196175277233124,1.9975740742222223,2.4485993351024855,10
16,1040,TEACH,10.89890422821045,0.44992506395686754,6.831683333199999,0.6579210605673583,11
17,1040,TRIP,12.117877197265624,0.46975853659889916,8.380766667,1.0037879675122956,11
18,1040,WANT,12.238104581832886,0.4608147599480369,5.038039999999999,2.1374105773107797,11
19,1040,WIN,13.33005886077881,0.44032652432268315,5.88105,3.504025603276288,11
20,1040,WORRY,12.594662952423096,0.4297913437539881,5.682333333300001,1.9823011342048553,11
0,1044,ADVICE,10.679080057144166,0.4439298228784041,6.77955,3.0032950407103676,11
1,1044,ALONE,12.815682983398437,0.4378286990252408,6.465699999900001,3.7214950856343134,11
2,1044,BEAUTIFUL,12.677203226089478,0.3941203182393854,8.174899999900001,0.6769748395065114,11
3,1044,BEGINNING,13.142741394042968,0.4577694361860102,7.37515,0.7390735323095775,11
4,1044,BREATH,11.16520414352417,0.3644909094680439,8.373149999999999,1.371450486143638,11
5,1044,CRISIS,13.185233116149902,0.4247616816650737,5.5594333333999995,1.6362680124973004,11
6,1044,FAILURE,11.447034645080567,0.4804281559857455,6.683583333,2.2888077554806343,11
7,1044,FATHER,11.89770736694336,0.4038026674227281,7.730033333,0.976909331,11
8,1044,FUTURE,11.94150743484497,0.48031133792617103,8.474216667,1.9869850554326745,11
9,1044,HEART,11.662506341934204,0.4291427872397683,5.675614286,2.9230663043723566,11
10,1044,JEALOUSY,12.348636436462403,0.3913666649298234,5.46335,1.3870263166965466,11
11,1044,MEMORY,13.572297668457031,0.5174610755660317,5.50255,2.509690474,11
12,1044,NOISE,11.430246496200562,0.45410531000657517,6.314275,1.1807825497048556,11
13,1044,PAIN,12.046224403381348,0.42538832209327004,2.406904545,1.3106383636782715,11
14,1044,SHAME,11.291651513841417,0.43306457863913644,7.335944444333332,2.5118939701444605,10
15,1044,SPOUSE,11.060845470428466,0.40018131,8.75885,1.8755964052912786,11
16,1044,TEACH,12.089494323730468,0.52777118,7.500932142799999,1.0767013736780129,11
17,1044,TRIP,13.361165618896484,0.4371987077322873,2.8837833334000003,2.604200196,11
18,1044,WANT,10.922427654266357,0.44420759569514884,7.8725833333000015,0.7552767502840196,11
19,1044,WIN,13.138037776947021,0.4449760594151237,8.479983333299998,1.719821367552191,11
20,1044,WORRY,11.058720445632934,0.4155448946085843,4.547883333,2.7840680041329726,11
0,1045,ADVICE,10.865650510787964,0.3680440978570418,6.805370000000001,0.4947462349528294,11
1,1045,ALONE,11.671127319335938,0.4245399554570516,7.256111111111112,1.9330119456548014,10
2,1045,BEAUTIFUL,11.529710398779976,0.38503564,8.075203703777778,0.4889714072245788,10
3,1045,BEGINNING,11.409846385320028,0.43867849906285605,8.079083333333333,0.5384414667320273,7
4,1045,BREATH,11.374732255935669,0.482727791,6.228866667,1.563794124328949,11
5,1045,CRISIS,14.755255835396904,0.42797034446682247,5.333999999857143,1.4293580409215625,8
6,1045,FAILURE,8.340045273303986,0.4785607712609427,0.29575,0.4238712052070541,9
7,1045,FATHER,9.873569594489204,0.391839419,7.054518518444444,2.214600282840787,10
8,1045,FUTURE,11.91946496963501,0.4237820896235379,7.248749999899999,0.5267594537244471,11
9,1045,HEART,11.873495313856337,0.44159532917870414,6.602650793777777,3.5029802635749405,10
10,1045,JEALOUSY,11.03654956817627,0.3650563302494231,6.716361111166667,1.746627123963095,7
11,1045,MEMORY,11.624309062957764,0.4174991614288754,5.701937499875001,3.6781313526417208,9
12,1045,NOISE,10.435915279388428,0.4332397303797982,6.10965,1.8001223887007178,11
13,1045,PAIN,12.121234258015951,0.44669791,1.073611111111111,0.6350584811240362,10
14,1045,SHAME,12.82053772608439,0.43949583917856216,2.5156851851111113,2.278159733493199,10
15,1045,SPOUSE,11.330297629038492,0.44589967065387304,7.888407407444445,1.4379696246866127,10
16,1045,TEACH,10.005844712257385,0.45352474103371304,6.726812499999999,0.768784374,9
17,1045,TRIP,10.29812765,0.44948531768538735,8.215733333300001,1.0786054913282759,11
18,1045,WANT,12.33324761390686,0.4332331045107408,7.393330000000001,1.0014830467861153,11
19,1045,WIN,13.478464722633362,0.43895016610622406,7.8224791666249995,1.4048461277635285,9
20,1045,WORRY,10.378116726875305,0.41368437984160017,4.222175,3.078696288406832,9
0,1047,ADVICE,10.979387474060058,0.4818274508823048,5.765671428599999,3.599510609,11
1,1047,ALONE,9.965536260604859,0.5126332434740933,8.139683333399999,2.5874349191710415,11
2,1047,BEAUTIFUL,12.21456446647644,0.4971383734182878,7.486366667,0.7706937261986907,11
3,1047,BEGINNING,11.195674180984497,0.46079679294065995,7.558942857,0.95860211,11
4,1047,BREATH,12.784952163696289,0.44163677529855205,6.492983333300001,1.545559715184233,11
5,1047,CRISIS,11.756804847717286,0.4331917074593631,4.529800000100001,3.2575451096370616,11
6,1047,FAILURE,11.606452703475952,0.43244562215275234,8.1012,2.8848407440830166,11
7,1047,FATHER,12.086247968673707,0.44560991688208146,6.6499999998999995,4.4895837184167275,11
8,1047,FUTURE,11.834112358093261,0.4111892586404627,8.247016667,1.2302624945346603,11
9,1047,HEART,13.049934768676758,0.4015144337307323,5.262783333,2.6848560062022013,11
10,1047,JEALOUSY,10.604272418551975,0.45720713602172003,4.498685185222223,2.103222777469723,10
11,1047,MEMORY,11.419631910324096,0.4162102195349607,5.856109999999999,2.3906509889567737,11
12,1047,NOISE,11.485094547271729,0.3247549447146329,3.6507000000000005,2.466260418753216,11
13,1047,PAIN,12.38942484855652,0.45194068388505415,6.9667,2.476327634860765,11
14,1047,SHAME,10.150391442435128,0.3983473479747772,6.871571428571428,3.7866322740608287,8
15,1047,SPOUSE,10.278139686584472,0.41312794251875445,7.010816667,1.067305338707121,11
16,1047,TEACH,12.080980730056762,0.4015264229340987,7.462483333,1.092741507866105,11
17,1047,TRIP,13.227479124069214,0.5112183668396689,7.654571428700001,0.8491128659121222,11
18,1047,WANT,12.422237873077393,0.4665931262753227,6.384233334,0.9879349013868554,11
19,1047,WIN,12.116271543502808,0.473457594,5.805707142899999,3.2334754635903526,11
20,1047,WORRY,12.002252197265625,0.4152816089716825,6.377716667,2.2899786532673616,11
0,1071,ADVICE,10.75423698425293,0.4121905603192069,6.530733333300001,3.1090324713989883,11
1,1071,ALONE,12.293311595916748,0.4437602319500663,3.5502499999999997,2.2845496880129352,11
2,1071,BEAUTIFUL,11.259689092636108,0.5139354012229226,7.447066666699999,2.1883713986254456,11
3,1071,BEGINNING,11.516236782073975,0.4378074394332038,6.135049999999999,1.1305491253000022,11
4,1071,BREATH,9.934859275817871,0.49505281123248013,6.637852381099999,1.727633899679879,11
5,1071,CRISIS,12.619703674316407,0.3816915913061662,3.3103700000000003,1.9466049344949274,11
6,1071,FAILURE,11.682594108581544,0.4195182518525557,3.917371429,2.5248373928339274,11
7,1071,FATHER,9.274227046966553,0.3615646368927426,8.808633333,1.3509612480865203,11
8,1071,FUTURE,12.610151481628417,0.4461570317094976,5.4117,1.995832527529955,11
9,1071,HEART,12.958135604858398,0.43546572923660276,4.135859999999999,1.9068574511483547,11
10,1071,JEALOUSY,14.977938365936279,0.4393166276541623,4.425840476,2.159739250160609,11
11,1071,MEMORY,12.899193143844604,0.5211212797598406,5.266261905,1.4960175965387725,11
12,1071,NOISE,11.51828556060791,0.4359192452647469,4.147816666700001,2.3228355523320507,11
13,1071,PAIN,14.377270126342774,0.4905633715066043,2.6623463636999998,1.3554960969392928,11
14,1071,SHAME,14.012961864471436,0.4649684954773296,3.338716667,1.5849146140861659,11
15,1071,SPOUSE,12.344956588745116,0.4142723988402974,7.609616666799999,1.4947484328216085,11
16,1071,TEACH,11.375323295593262,0.45724349347027865,5.489466667,1.2623456537061075,11
17,1071,TRIP,14.175114154815674,0.41528578599294025,2.128933333,1.7207016946255418,11
18,1071,WANT,12.34639024734497,0.45552054914561185,6.381716667,0.8899055317911435,11
19,1071,WIN,12.024647617340088,0.4248484833673997,5.766985714,2.4605679707221966,11
20,1071,WORRY,13.712945365905762,0.40551585067402235,3.3045,1.8454760084865398,11
0,1072,ADVICE,10.176559162139892,0.4636891649829017,4.8810875,3.8152251217960638,11
1,1072,ALONE,12.274426603317261,0.446941203,5.282383333,0.7372337014406474,11
2,1072,BEAUTIFUL,11.140292882919312,0.4192141457037492,7.019033333399999,1.238694789037401,11
3,1072,BEGINNING,12.695297527313233,0.5306773159239028,4.572783333,2.6908485662734685,11
4,1072,BREATH,12.684151077270508,0.3874110693281347,5.609683333,0.8543745698418294,11
5,1072,CRISIS,12.87539587020874,0.43107180866328154,4.385997619199999,1.487784020101053,11
6,1072,FAILURE,12.99342222213745,0.4494070741263303,5.011514285399999,2.2875244679618136,11
7,1072,FATHER,8.817540669441223,0.44977951754223217,7.094221428599999,1.1610268736588736,11
8,1072,FUTURE,12.784042692184448,0.46221044659614563,4.585483333,1.3972560470650048,11
9,1072,HEART,14.401909732818604,0.4783569964495572,5.581714285799999,1.882888125180511,11
10,1072,JEALOUSY,10.967829656600951,0.4107619274746288,6.861329167,1.9207368205262736,11
11,1072,MEMORY,13.092875385284424,0.41748041781512174,4.086114286,2.8374265732895165,11
12,1072,NOISE,12.589574241638184,0.40055514574050904,3.6131,1.8493560820437804,11
13,1072,PAIN,12.469192928738064,0.4269933925734626,4.896703703777778,2.481591880551344,10
14,1072,SHAME,12.48122444152832,0.517065576,5.759583333,3.3389377001064244,11
15,1072,SPOUSE,11.784652853012085,0.4664988165551966,5.0184,1.6159886245160018,11
16,1072,TEACH,12.37947883605957,0.4781196637587114,4.784091666699999,2.0897110327628896,11
17,1072,TRIP,11.15115146636963,0.4326645152135329,6.0725,2.5258234602072624,11
18,1072,WANT,11.028416347503661,0.44830081354488027,4.4509166666999995,1.985598586384849,11
19,1072,WIN,10.147759008407593,0.49466353389951917,5.341466666600001,3.2412289397182166,11
20,1072,WORRY,13.259249591827393,0.47098590460690587,4.020133333,1.374125669504617,11
0,1073,ADVICE,11.968670209248861,0.4404936287138197,7.064911111111111,1.6232982939407992,10
1,1073,ALONE,13.163209915161133,0.4271414465374417,6.007759259222222,1.6729886134757925,10
2,1073,BEAUTIFUL,11.424569511413575,0.488331737,7.2917791667000005,1.1526401592598199,11
3,1073,BEGINNING,12.510503768920898,0.43446044209930634,5.936727513222222,0.5321811952989093,10
4,1073,BREATH,11.709791946411134,0.44654219963333824,7.28215,0.7005886017227786,11
5,1073,CRISIS,12.035441610548231,0.5262286146481832,4.583500000222222,1.9400759062231414,10
6,1073,FAILURE,12.418069219589233,0.4472480898553675,6.856610000000001,2.7170008667646766,11
7,1073,FATHER,11.610611772537231,0.4908666914159601,6.199816666,2.473867444589881,11
8,1073,FUTURE,11.446942043304443,0.39975278648463164,5.881180952300001,0.3906265678319362,11
9,1073,HEART,9.606380510330201,0.5150988437912681,4.25492381,1.8165798333560825,11
10,1073,JEALOUSY,9.882888650894165,0.4735969966108149,5.0183166665000005,1.2282367925393929,11
11,1073,MEMORY,10.784562057918972,0.5093494893776046,5.789444444444444,0.48018353586736656,10
12,1073,NOISE,9.755096011691624,0.4648401896158854,7.782806547500001,0.7574650767509872,10
13,1073,PAIN,11.992204560173882,0.38456325928370155,1.9715925924444444,1.0262556009866135,10
14,1073,SHAME,12.091215658187867,0.497481848,6.030819999999999,1.3958177595947114,11
15,1073,SPOUSE,11.019974660873412,0.44364353093233977,6.512928571399999,1.0626566295328699,11
16,1073,TEACH,11.627258141835531,0.46646237307124666,6.738023148111112,0.6844136425139591,10
17,1073,TRIP,11.724683019849989,0.4717567190527916,6.985129629666667,1.0251683573193788,10
18,1073,WANT,11.512432217597961,0.47425386,8.0196875,1.742392741295875,9
19,1073,WIN,12.148219585418701,0.5414856202072568,7.099513227444445,1.050289047425326,10
20,1073,WORRY,12.514177428351509,0.49048879990975064,5.879069444444443,2.068694172627049,10
0,1077,ADVICE,10.493128776550293,0.5104248789223758,7.473157142699999,2.037430729278753,11
1,1077,ALONE,11.108395338058472,0.46165032386779786,6.505649999899999,1.985755644016048,11
2,1077,BEAUTIFUL,10.180619955062866,0.39235114521450465,8.216933333,0.8142868368623489,11
3,1077,BEGINNING,11.320740381876627,0.4729720691839854,7.812126984222222,1.874783596174818,10
4,1077,BREATH,11.711966753005981,0.46694484244693407,8.208666666800001,0.7225476340850475,11
5,1077,CRISIS,11.487812360127768,0.49128404325909086,2.7105777777777775,1.034583330514163,10
6,1077,FAILURE,8.184108912944794,0.49866040476730894,8.741833333125001,3.1242683593211935,9
7,1077,FATHER,8.661408096551895,0.4888845599359936,6.6625625,3.8934922203242595,9
8,1077,FUTURE,7.429948091506958,0.5019682716239583,7.341833333299999,1.0456536260866267,11
9,1077,HEART,10.933986806869507,0.45522100871259513,5.061483333,1.2477408140122335,11
10,1077,JEALOUSY,9.866929102,0.4792760496789759,4.6042000002000005,2.7611156033741087,11
11,1077,MEMORY,13.570428907871246,0.4451078615254826,5.652583333,2.3474284208768723,9
12,1077,NOISE,12.921711802482605,0.37532150828176075,4.319333333,2.351833111975567,9
13,1077,PAIN,13.046684583028158,0.41648498309983145,2.610833333333334,2.993977756919817,10
14,1077,SHAME,10.736579418182373,0.4561101231310103,5.382958333,1.762416278356763,9
15,1077,SPOUSE,11.680503103468153,0.43751485612657337,7.967351851777778,1.3283516952304946,10
16,1077,TEACH,8.368687841627333,0.444451814,5.402388888888889,1.6412504756263526,10
17,1077,TRIP,8.510726504855686,0.5137352334128485,8.293203703666666,0.7350583100132726,10
18,1077,WANT,10.382681894302369,0.3968712720003995,5.901833333200001,0.5736802753726157,11
19,1077,WIN,10.870991388956705,0.47841144866413543,3.1883518518888887,2.7526023037719085,10
20,1077,WORRY,12.501779132419163,0.42901336616939967,7.136148148111112,6.705089015144691,10
0,1078,ADVICE,10.267470359802246,0.41652262048287825,6.816433333,1.604035599309137,11
1,1078,ALONE,12.063945960998534,0.477313061,7.4296500000000005,1.541756140564987,11
2,1078,BEAUTIFUL,11.170366191864014,0.4157558034766804,7.201733333,0.8225947241106105,11
3,1078,BEGINNING,12.012661170959472,0.45758360786871477,7.211983333499999,1.6364318519482597,11
4,1078,BREATH,10.719794114430746,0.40918172730339897,6.580388889,0.6579090641097769,10
5,1078,CRISIS,13.54514675140381,0.37665745152367486,2.1701666666999997,2.0372118071264245,11
6,1078,FAILURE,12.236792516708373,0.4773456785413954,4.939845238,3.5533490059799226,11
7,1078,FATHER,10.137447834014893,0.3897733130238273,6.983716666599999,1.5603830975789745,11
8,1078,FUTURE,13.515021681785583,0.5152972042560577,5.693979166625001,1.0419214104869812,9
9,1078,HEART,11.667584800720215,0.42140300544825465,5.75405,0.886990957,11
10,1078,JEALOUSY,13.03705654144287,0.40426313479741416,6.2239000000999996,1.218626179035178,11
11,1078,MEMORY,10.806080436706543,0.41348886489868164,7.256766667,0.970451165,11
12,1078,NOISE,10.084075784683227,0.4012619511647658,2.9479,1.4181094884005383,11
13,1078,PAIN,11.550250482559203,0.3965187390645345,2.7871000001999997,1.6566887120649363,11
14,1078,SHAME,11.969643306732177,0.4373309157111428,6.4677999999999995,1.197506462605271,11
15,1078,SPOUSE,13.273066329956055,0.4828622834248976,6.428983333300001,2.0899108008595593,11
16,1078,TEACH,9.293430328,0.41712334255377453,8.123,0.635745359,11
17,1078,TRIP,12.093365573883057,0.41715662208470433,6.123149999899999,2.352004734,11
18,1078,WANT,12.13835368156433,0.39534609859639946,5.721527778,1.7921028762210294,11
19,1078,WIN,11.921483373641967,0.47836413813961876,8.577733333,1.312529057,11
20,1078,WORRY,11.648465474446615,0.3912918468316396,5.862166666666667,2.0040083350054916,4
0,1085,ADVICE,12.067963647842408,0.4353764214298942,5.389383334,3.166236337673566,11
1,1085,ALONE,15.17877091301812,0.5162714645266533,6.209577777777778,3.1121480463214186,10
2,1085,BEAUTIFUL,12.267696905136109,0.47164935686371545,5.439447619000001,4.331400635301599,11
3,1085,BEGINNING,12.032604641384548,0.46091839604907564,6.389685185222223,1.8032132883635024,10
4,1085,BREATH,9.265170633792877,0.46302637954552966,4.8917499998750005,2.510652556710315,9
5,1085,CRISIS,13.147512435913086,0.4323623234575445,5.677057143,3.4056864784551575,11
6,1085,FAILURE,11.115733242034912,0.4138574865731326,6.85686,3.811406034523218,11
7,1085,FATHER,9.306449556350708,0.3732042290947654,7.304866666800001,2.2148294892687037,11
8,1085,FUTURE,12.333530108133951,0.5542865296204885,6.402844159555555,2.1421150547618133,10
9,1085,HEART,10.338786482810974,0.5371736049652099,4.667509722299999,2.5895029876382254,11
10,1085,JEALOUSY,11.933298206329345,0.46195628426291724,4.605614286,1.1686373349454517,11
11,1085,MEMORY,14.76236171722412,0.47219964970241896,5.888583333,3.6954012023794625,11
12,1085,NOISE,12.93000955581665,0.42090906446630305,5.4092,3.2865777492891732,11
13,1085,PAIN,14.203474402427673,0.49366312887933517,3.5532250000000003,2.719246852760889,9
14,1085,SHAME,12.358098888397217,0.4510066259991039,3.31479,2.3556050581538495,11
15,1085,SPOUSE,11.919746780395508,0.44316661249507555,5.966883333,2.7585608107917876,11
16,1085,TEACH,11.305825519561768,0.4578584205020558,7.40957,1.579392207148054,11
17,1085,TRIP,10.994410037994385,0.4412572224934896,7.088037037,1.2607019746268835,10
18,1085,WANT,12.34598126411438,0.3803904105316509,6.380266667,3.707063342601117,11
19,1085,WIN,11.890951824188232,0.4789982541040941,5.917633333300001,3.487544532856838,11
20,1085,WORRY,13.09064245223999,0.4689637688073245,4.317885714499999,2.725699927373128,11
0,1086,ADVICE,11.912595748901367,0.44627061215313996,6.290166667,0.7664692569287508,11
1,1086,ALONE,10.43875101,0.5065147565470801,5.916285714333333,1.0892354993361733,10
2,1086,BEAUTIFUL,10.439983701705932,0.4069175265052102,8.061414286,1.7547848404673816,11
3,1086,BEGINNING,9.516560006141663,0.45276648673144254,6.851095238199998,1.770645756339433,11
4,1086,BREATH,10.348491621017455,0.39572782028805126,6.101842857099999,1.168178309816067,11
5,1086,CRISIS,12.54590482711792,0.45437514836137943,3.6191333331999997,1.9669358310088083,11
6,1086,FAILURE,13.118690776824952,0.46189125180244445,4.95561,1.2175727222634383,11
7,1086,FATHER,9.740846252441406,0.39003439274701207,6.412300000099999,2.2582984033352536,11
8,1086,FUTURE,12.18823175430298,0.4465233488516374,8.047516667,1.664927140632166,11
9,1086,HEART,11.841370158725315,0.39866023593478733,5.823962963111111,1.415205398821163,10
10,1086,JEALOUSY,11.829521179199219,0.44272732572122053,6.242527273,2.689951006236783,11
11,1086,MEMORY,9.572783327,0.4259903570016225,6.011266666599999,1.2509290550415852,11
12,1086,NOISE,11.355667304992675,0.4304140464826064,6.123266666699999,0.9580381905674046,11
13,1086,PAIN,9.785391044616699,0.4398947396061637,6.026283333299999,0.8546363065681994,11
14,1086,SHAME,11.616851425170898,0.46477857503024017,5.43938,1.3138511696535495,11
15,1086,SPOUSE,10.42166625128852,0.3956005507045322,6.213129629666666,2.273299900631863,10
16,1086,TEACH,10.040374422073365,0.4351742213422602,5.3238833332999995,1.5441554532455417,11
17,1086,TRIP,11.711688613891601,0.45443595322695646,7.150566233899999,1.2908242755445924,11
18,1086,WANT,12.141712665557861,0.46538486751643093,6.49195,1.4598684930499735,11
19,1086,WIN,12.443646335601807,0.4314966163851998,7.146566667,1.1951947714762787,11
20,1086,WORRY,10.924256610870362,0.4896177596516079,5.381552778,1.5421386594733053,11
0,1087,ADVICE,11.846688747406006,0.468043158,3.2623800000000003,2.6683775169566997,11
1,1087,ALONE,12.493366146087647,0.4060684523799203,2.808753636,1.6955229741650542,11
2,1087,BEAUTIFUL,11.418712663650513,0.44251370917667043,8.816814285700001,0.3566904964494785,11
3,1087,BEGINNING,11.45124568939209,0.4916163775053891,5.936349999999999,1.3301410451768263,11
4,1087,BREATH,10.216987562179565,0.4814076006412506,6.9984399999999996,1.532967647734289,11
5,1087,CRISIS,10.190170335769654,0.45145554325797344,5.270899999999999,1.8291711086900873,11
6,1087,FAILURE,12.836087322235107,0.44748845425519074,4.199400000000001,3.5412104486752924,11
7,1087,FATHER,9.943511152267456,0.44297263297167694,7.4068,0.5499081539685716,11
8,1087,FUTURE,11.946190214157104,0.49365188371051444,7.077699999999998,1.2633603096332064,11
9,1087,HEART,12.747087287902833,0.476964472,5.00295,1.9469458083796647,11
10,1087,JEALOUSY,10.745927810668945,0.3970729178852505,4.1769300000000005,1.7896828202226227,11
11,1087,MEMORY,12.487623596191407,0.4411832332611084,4.16714,1.3733597383788414,11
12,1087,NOISE,12.872673352559408,0.41763746986786526,5.777777778,4.197805203,10
13,1087,PAIN,11.928226613998413,0.45867141539400275,5.500845454599999,2.5371577573098363,11
14,1087,SHAME,12.979449653625489,0.46078288067470896,5.155099999999999,2.2573273293875658,11
15,1087,SPOUSE,10.320417261123657,0.41022433150898324,4.268628571,2.294715345891984,11
16,1087,TEACH,10.163601398468018,0.4814866141839461,5.556799999899999,3.3383908552593295,11
17,1087,TRIP,10.728833484649659,0.443215279,7.998799999899999,1.1643756469207052,11
18,1087,WANT,10.378316497802734,0.4318795811046254,5.2521,1.4237473674064043,11
19,1087,WIN,12.846802568435669,0.46309452923861416,6.903733333300001,1.7489099051203898,11
20,1087,WORRY,13.120331478118896,0.48815606886690316,6.817483333299999,1.9167559144435913,11
0,1088,ADVICE,10.858081817626953,0.39500075578689575,8.895499999999998,0.9026297038983125,5
1,1088,ALONE,12.025193214416504,0.4592411418755849,5.988954546,1.980004221315074,3
2,1088,BEAUTIFUL,11.38934882481893,0.31609058663958595,9.133527777666666,0.7062768250269362,7
3,1088,BEGINNING,9.954350829,0.3915481328964233,6.78165,2.893075992347937,5
4,1088,BREATH,9.368386268615723,0.39740296204884845,8.420611111333335,0.5231158960687542,4
5,1088,CRISIS,16.244356155395508,0.4221147298812866,2.6385,1.601,2
6,1088,FAILURE,11.537673950195312,0.345206082,8.955166667,7.776833334,2
7,1088,FATHER,13.695086669921874,0.4692409038543701,1.3623999998000003,2.533455794321023,6
8,1088,FUTURE,13.320770899454752,0.46875467896461487,6.6100952379999995,0.44282806382620793,4
9,1088,HEART,12.810000038146972,0.38271393775939944,7.2113000002000005,0.58205699,6
10,1088,JEALOUSY,,,,,1
11,1088,MEMORY,13.929375648498535,0.5193902410212017,6.096583333333334,2.6798643138189298,7
12,1088,NOISE,12.122881571451822,0.4281456981386457,6.557472223,1.4332347770942127,7
13,1088,PAIN,10.818746662139892,0.4846248169740041,2.763866667,1.2437491240340766,6
14,1088,SHAME,14.503649711608887,0.5190883874893188,9.177875,8.052875,2
15,1088,SPOUSE,10.29288379351298,0.41549668709437054,8.649916666666668,0.8416250592008051,7
16,1088,TEACH,10.141557110680473,0.5061428222391341,7.3601501322222225,1.139925668229818,10
17,1088,TRIP,13.141497294108072,0.4156547983487447,4.514666666666667,1.0674143606429407,4
18,1088,WANT,9.351760864257812,0.4026686280965805,7.789833334,2.0260399766701025,5
19,1088,WIN,11.247015571594238,0.47852014700571693,6.005971428,3.979072786259323,6
20,1088,WORRY,8.897983551,0.3691810071468353,1.495111111,0.13078573120070744,4
0,1089,ADVICE,11.510565423965454,0.47733622572638773,8.029766667,1.3010727946283789,11
1,1089,ALONE,11.227495002746583,0.4776928798718886,6.036591666700001,3.693041634,11
2,1089,BEAUTIFUL,11.745712757110596,0.47302026531913066,8.968300000099998,0.4521432202274702,11
3,1089,BEGINNING,13.070217418670655,0.43184622526168825,8.058599999899998,1.314225536,11
4,1089,BREATH,10.501499605178832,0.453473131,7.772483333,0.953415009,11
5,1089,CRISIS,13.613488578796387,0.5129105313257738,6.04415,3.0296429968530365,11
6,1089,FAILURE,12.662532997131347,0.4577546834945679,5.238233333,2.433647718146062,11
7,1089,FATHER,10.559015115102133,0.48094199498494467,5.449007936555556,2.993492964511311,10
8,1089,FUTURE,13.134729194641114,0.5072460445490751,6.937570000000001,1.9256158695336927,11
9,1089,HEART,11.48884539604187,0.4979648698459972,7.8626500000999995,1.3623003543533798,11
10,1089,JEALOUSY,12.64441213607788,0.3823613925413652,3.1169333332999996,2.1231964195528534,11
11,1089,MEMORY,13.045164346694946,0.4400935991243883,4.464785714,3.007348322698025,11
12,1089,NOISE,11.922162342071534,0.4612685441970825,5.06735,1.8578551012852578,11
13,1089,PAIN,13.745114517211913,0.3802794443236457,1.8759749999999997,1.1880050149831016,11
14,1089,SHAME,12.510952711105347,0.4193388960578225,4.644100000099999,1.5755916171641018,11
15,1089,SPOUSE,11.309411684672037,0.48167934881316293,7.893074074000001,2.860334512342236,10
16,1089,TEACH,10.948819494247436,0.45949363871054216,7.671549999800002,1.185722891378701,11
17,1089,TRIP,11.375453154246012,0.48125847842958236,7.794119047666667,1.2660334790525942,10
18,1089,WANT,12.618693351745605,0.4395904931155118,6.376391667,1.7089676565524108,11
19,1089,WIN,13.96316900253296,0.43533983760409883,7.773650000000001,2.3196300739428284,11
20,1089,WORRY,11.77952299118042,0.4249219276688316,7.1899500000000005,2.047024573854308,11
0,1098,ADVICE,11.24881625175476,0.44118034460327843,6.763983333200001,1.1659389705634253,11
1,1098,ALONE,11.871411514282226,0.44245097095316105,4.540890909,2.4010021826227526,11
2,1098,BEAUTIFUL,12.21551570892334,0.48539939305999064,6.3521666666000005,1.620502685,11
3,1098,BEGINNING,13.18243350982666,0.4474183402278207,5.765416667,2.4733457011582445,11
4,1098,BREATH,14.019695663452149,0.4607425743883306,5.8063,2.0077577500389916,11
5,1098,CRISIS,10.563002157211304,0.3928739927031777,5.3652339285999995,1.264678769632707,11
6,1098,FAILURE,9.705493545532226,0.4433311844865481,1.5311666666999997,1.552863983112848,11
7,1098,FATHER,12.96138162612915,0.44301072630015287,5.490397499999999,2.3529872219425676,11
8,1098,FUTURE,12.361662673950196,0.45835357254201714,5.442383333300001,1.3322270773266678,11
9,1098,HEART,9.250214529037475,0.43112640272487296,6.699783333299999,1.0721161214386974,11
10,1098,JEALOUSY,11.119650268554688,0.392457162,5.047433333,1.448307486,11
11,1098,MEMORY,13.503691291809082,0.4393398095260967,7.75755,0.6618237196291186,11
12,1098,NOISE,11.570161533355712,0.49501793059435756,4.3438999999000005,1.276754184,11
13,1098,PAIN,13.502755069732666,0.41625306010246277,5.082883333,2.1491956315860383,11
14,1098,SHAME,10.931744003295899,0.40102790702473035,4.598163636400001,1.715222586869976,11
15,1098,SPOUSE,12.037959416707357,0.43932378358311125,5.505650793777778,2.234735626953808,10
16,1098,TEACH,14.574807739257812,0.44872126579284666,7.107459999999999,1.2340535981066625,11
17,1098,TRIP,12.464699172973633,0.44416116855361243,7.2711166666999985,1.3987520658736365,11
18,1098,WANT,11.330900096893311,0.47662167874249545,7.3974,1.0667292143248444,11
19,1098,WIN,11.36555643081665,0.4578191480853341,8.83095,0.4286410630785253,11
20,1098,WORRY,10.086871337890624,0.412599085,4.507283333,0.9894488352445574,11
0,1105,ADVICE,11.346163654327393,0.4084536742080342,7.059783333,1.5323331286542103,11
1,1105,ALONE,10.192003059387208,0.5027245272289623,6.124742857199999,2.685939050917896,11
2,1105,BEAUTIFUL,11.270376062393188,0.43550533056259155,7.828716667,0.6519379828526127,11
3,1105,BEGINNING,9.596126723,0.4524971799416976,6.087333333399999,2.371288956,11
4,1105,BREATH,12.415768337249755,0.38727099895477296,4.453719999999999,3.742903370914082,11
5,1105,CRISIS,10.836505222320557,0.434911661,2.2727999998999997,2.730645006256416,11
6,1105,FAILURE,10.025081777572632,0.42434851473028007,5.682883333,2.122115497659499,11
7,1105,FATHER,12.594068622589111,0.39884915616777206,7.04765,1.3177691302105408,11
8,1105,FUTURE,12.11842885017395,0.4796736798503182,4.87745,2.5016591582540553,11
9,1105,HEART,11.385615873336793,0.43894012299450963,5.886850000000001,1.5835500455880804,11
10,1105,JEALOUSY,10.79028811454773,0.49912783991206777,6.355462500000001,2.107858216887464,11
11,1105,MEMORY,12.599353075027466,0.39908678477460685,4.369545454500001,4.342056231535223,11
12,1105,NOISE,11.139597034454345,0.5110989511013031,5.787628571400001,2.3107928035912457,11
13,1105,PAIN,13.023806285858154,0.43774485654301115,5.755266666599999,3.5597092570556166,11
14,1105,SHAME,11.98623047,0.4050775024023923,4.026050000000001,3.665629114103098,11
15,1105,SPOUSE,11.390522623062134,0.4565697756680575,5.726699999899999,3.0685539812651155,11
16,1105,TEACH,9.723066663742065,0.43581315008076754,6.840218182,1.0628827214002718,11
17,1105,TRIP,9.125486707687378,0.47434546622363005,7.463616667,1.3541520985435662,11
18,1105,WANT,10.691476917266845,0.4919157987291163,6.945412499999999,2.2660602440551973,11
19,1105,WIN,11.271452617645263,0.4637147702954032,5.50659,4.230955859495582,11
20,1105,WORRY,11.195844507217407,0.4695738516070626,7.652816667,2.1870495281216225,11
0,1106,ADVICE,9.63842237,0.41020218862427604,8.2376875,0.5544293426118053,9
1,1106,ALONE,10.113114992777506,0.4609007894992828,4.7911166666666665,1.1078197589560015,7
2,1106,BEAUTIFUL,12.266685803731283,0.37463637855317855,6.7845555555555555,3.353779017726296,10
3,1106,BEGINNING,11.58770399093628,0.4075878273357045,5.939666667,1.386450833538143,11
4,1106,BREATH,11.500684874398369,0.3848183644669397,5.642476190571429,0.9369394449726295,8
5,1106,CRISIS,12.532639217376708,0.43524807745760136,4.65025,1.4285581962728908,11
6,1106,FAILURE,11.929075876871744,0.42194610834121704,5.151388888833333,3.042224548491735,7
7,1106,FATHER,9.121967996869769,0.38669671756880625,7.747833333285714,3.4516152873916686,8
8,1106,FUTURE,12.011743333604601,0.45556318362553916,6.815828282888889,1.3062308879294842,10
9,1106,HEART,9.003446817398071,0.4900969011443002,5.377349905,0.9374290046678196,9
10,1106,JEALOUSY,10.915839195251465,0.47601148166826796,3.754828571428572,3.5145388234345303,8
11,1106,MEMORY,9.677655982971192,0.4833908683723874,6.011791666700001,0.5849535746897022,11
12,1106,NOISE,11.708599408467611,0.4793404565917121,6.092648147888889,1.124034168,10
13,1106,PAIN,13.233789867824978,0.4223269932799869,6.319299999999999,2.3037874506511615,10
14,1106,SHAME,9.08060509,0.5077452022168372,3.463020833,1.446027370414587,9
15,1106,SPOUSE,12.334430122375489,0.4398783331567591,5.4815000001000005,2.0126993280071703,11
16,1106,TEACH,10.06939247,0.3804981470108032,7.109685185222222,1.3289582769487231,10
17,1106,TRIP,11.01027382744683,0.46359048618210685,5.486814814888889,2.176740150516417,10
18,1106,WANT,10.446600532531738,0.4151448996530639,5.1115625,1.6051278950211412,11
19,1106,WIN,12.454458236694336,0.3942166719171736,6.776925926,2.5954352185681095,10
20,1106,WORRY,11.974400308397081,0.4184957817196846,6.070777777777778,1.1074041289853822,10
0,1107,ADVICE,13.565794361962212,0.511858837,5.860203703444444,2.3236739081954005,10
1,1107,ALONE,12.744152545928955,0.5175314838236028,5.173283333,1.684425395059946,11
2,1107,BEAUTIFUL,12.729022312164307,0.4637893335385756,6.486316667,1.7852277524874867,11
3,1107,BEGINNING,14.54462833404541,0.47138008041815327,5.922966667,3.083444481306621,11
4,1107,BREATH,12.310015572441948,0.4371784110864004,6.349296296333333,1.3343653286422053,10
5,1107,CRISIS,12.04354453086853,0.43336954279379414,1.87577,2.095637019858162,11
6,1107,FAILURE,12.092547130584716,0.4809403641657396,5.857633333299999,4.084159474516683,11
7,1107,FATHER,12.138320636749267,0.4486785568974235,5.4576,2.1447516555681916,11
8,1107,FUTURE,14.639904975891113,0.4294791519641876,6.514145833,1.9574317663439726,9
9,1107,HEART,11.46388521194458,0.45168634219603104,3.75951,2.9959512923276974,11
10,1107,JEALOUSY,12.40140380859375,0.43403367400169374,6.394166667,1.6520355465303536,11
11,1107,MEMORY,11.929653644561768,0.44339758320288225,3.1566333332999994,2.102277888320806,11
12,1107,NOISE,12.377200508117676,0.4254225801337849,7.137283333399999,2.7993200876569873,11
13,1107,PAIN,14.56311264038086,0.44120978821407664,6.815450000000001,2.7861121194335667,11
14,1107,SHAME,12.550728702545166,0.4567482639442791,5.33226,2.809770640995453,11
15,1107,SPOUSE,11.14654836654663,0.4703728063540025,6.036214285700001,6.439287012792298,11
16,1107,TEACH,11.481949186325073,0.44600675431164827,6.490142857,2.5709181362241518,11
17,1107,TRIP,12.237563991546631,0.421209009,7.753071428,0.998975025,11
18,1107,WANT,9.556010103225708,0.4233970658345656,5.350099999999999,1.7340583258361264,11
19,1107,WIN,12.80131368637085,0.461339484,5.908183333,2.745539695695671,11
20,1107,WORRY,12.031975173950196,0.45275960564613343,6.92605,1.6622870800372567,11
0,1108,ADVICE,10.825587928295135,0.5335386676920785,6.040162499999999,1.227220842493314,9
1,1108,ALONE,9.171495866775512,0.4963125830346888,4.20211,1.3311583647335128,11
2,1108,BEAUTIFUL,12.61282573805915,0.38651291529337567,6.355296296333333,1.1918083960883525,10
3,1108,BEGINNING,11.376611518859864,0.5051705532603794,7.433683333399999,0.9991290458886347,11
4,1108,BREATH,10.541791439056396,0.40371707720415934,6.390253968111111,0.4068307797719577,10
5,1108,CRISIS,12.214107370376587,0.4679705939509652,5.438749999999999,2.3306004907525395,11
6,1108,FAILURE,10.46444387435913,0.4826090948148207,4.9086,1.5084388968900082,11
7,1108,FATHER,8.875535113470894,0.44848151930740904,7.058785714285714,0.7121106371041684,8
8,1108,FUTURE,11.811829853057862,0.4558136026774134,7.229254761899999,1.9650135902036143,11
9,1108,HEART,11.063471741146511,0.43381613360510934,6.637462963,1.781703962499008,10
10,1108,JEALOUSY,10.910572290420532,0.3966235209595073,3.4934666667000003,2.222585165170175,11
11,1108,MEMORY,12.255332810538155,0.4487994334527424,7.592761904857143,1.971384422131113,8
12,1108,NOISE,11.375294261508518,0.4850799944665697,7.838136904777778,1.4646235480256995,10
13,1108,PAIN,13.52476978302002,0.5005315429634518,6.725722222333333,2.375881934494358,10
14,1108,SHAME,10.740619765387642,0.4732879127065341,4.914287036999999,1.4037990768158952,10
15,1108,SPOUSE,11.400688982009887,0.44962378252636304,6.8103166666999995,1.2421886911697255,11
16,1108,TEACH,11.466890048980712,0.4588175546039234,7.036199999999999,1.129765216595417,11
17,1108,TRIP,11.891525793075562,0.4170834080739455,3.16437,1.5941692761435344,11
18,1108,WANT,11.87533156077067,0.4226052222980393,6.370907407333331,1.735894397,10
19,1108,WIN,11.687367248535157,0.46119848760691556,6.695066666599999,1.4315659441374755,11
20,1108,WORRY,13.017647218704223,0.5141163798895749,5.054483333,1.5501429333010375,11
0,1109,ADVICE,11.277173572116428,0.44692217376497057,5.5743888888888895,3.9973791465146107,10
1,1109,ALONE,10.60798954963684,0.48225087089972063,5.271159524,2.094165585715223,11
2,1109,BEAUTIFUL,12.33034439086914,0.43691751493348013,7.999133333399999,1.012248945639225,11
3,1109,BEGINNING,14.81460173924764,0.5283412602212694,6.062957070777777,1.2932763603767792,10
4,1109,BREATH,9.29441664,0.4971774511867099,6.489074074,2.3174040510822067,10
5,1109,CRISIS,13.791295146942138,0.4397383588883612,5.2234166664999995,2.7072107987578655,11
6,1109,FAILURE,11.985370445251466,0.44144691553982823,6.782085714499999,4.452039125526762,11
7,1109,FATHER,11.539111280441285,0.5040446904572573,5.406333333,4.147527311866292,11
8,1109,FUTURE,11.876510075160436,0.5155450254678726,7.013629251714285,2.7640562857841173,8
9,1109,HEART,11.236208152770995,0.5196315310218117,4.60095,4.587973674249653,11
10,1109,JEALOUSY,9.966676044464112,0.538288682,2.97505,4.313045445737849,11
11,1109,MEMORY,13.640365600585938,0.45035533358653385,4.872703703777778,3.675717991819201,10
12,1109,NOISE,11.793199729919433,0.456822194,5.2546666666999995,1.1634575017974658,11
13,1109,PAIN,12.510981464385987,0.43042462901635603,2.4279,0.7909704499932698,11
14,1109,SHAME,13.08429012298584,0.47463341463695874,4.530549999900001,2.055993744540797,11
15,1109,SPOUSE,10.788707282808092,0.42960342367490134,3.665912121111111,2.9564554060992143,10
16,1109,TEACH,12.366486310958862,0.42685857523571363,5.95155,0.6527918193229755,11
17,1109,TRIP,12.532431745529175,0.47415705648335543,7.011483333,3.4065166911956166,11
18,1109,WANT,11.72449451022678,0.4246851000520918,6.818759259222222,1.1980142111549468,10
19,1109,WIN,11.157970110575357,0.4614349976181984,4.290777777777778,4.591481762036207,10
20,1109,WORRY,10.545253038406372,0.44066770871480304,2.4536999999999995,1.9085346018771836,11
0,1113,ADVICE,10.41797981262207,0.3838246848848131,7.600742857199999,1.435974282783799,11
1,1113,ALONE,12.178781604766845,0.3401871995492415,3.7145285714000003,3.172517058718971,11
2,1113,BEAUTIFUL,12.181970405578614,0.4557693792714013,8.1403,1.2246628100981514,11
3,1113,BEGINNING,12.35022521018982,0.4795745264400135,5.894616666799999,3.193003659403586,11
4,1113,BREATH,11.63182201385498,0.4283566241914576,4.9358900000000006,3.082304514,11
5,1113,CRISIS,14.588053607940674,0.4477459121834148,3.133,2.2529366532223767,11
6,1113,FAILURE,11.015672969818116,0.5161345839500427,7.6963166666000005,5.005969941580909,11
7,1113,FATHER,12.754981803894044,0.46008391217751937,4.663569999999999,4.441376434282508,11
8,1113,FUTURE,12.834917640686035,0.42496395309766133,5.132166666600001,3.4919287276908033,6
9,1113,HEART,13.47617712020874,0.38832503990693523,2.6386000000999994,2.928075698274407,11
10,1113,JEALOUSY,9.918019676208496,0.42145260084759106,1.8468454545000004,0.4919933792516432,11
11,1113,MEMORY,13.161869049072266,0.4073227908876207,3.1417,3.1955970518824803,11
12,1113,NOISE,12.051910638809204,0.5245590017901527,5.616916666700001,1.6290819679506103,11
13,1113,PAIN,13.745321369171142,0.47278984730893914,5.814583333,3.8005189904817622,11
14,1113,SHAME,11.592326259613037,0.4131160096688704,1.709228572,0.6949736009544801,11
15,1113,SPOUSE,10.508479237556458,0.510015811,5.7804,2.4914911033348144,11
16,1113,TEACH,10.818171289232042,0.39448254704475405,8.179203703666666,1.5883476108641108,10
17,1113,TRIP,11.342311223347982,0.3792437473932902,7.3002777776666665,0.865758304,10
18,1113,WANT,10.845659997728136,0.36993222151483807,6.9148571426666665,2.8421192421316093,10
19,1113,WIN,13.646134662628175,0.4888643660328605,4.289562821,2.8985142902994077,11
20,1113,WORRY,12.774851894378662,0.4271928760138425,4.947290476200001,1.779597941263271,11
0,1114,ADVICE,11.599687788221571,0.4550765216350555,7.618407407444445,1.3804156959479654,10
1,1114,ALONE,10.055309104919434,0.4480445368723436,6.94455,2.0341443779536315,11
2,1114,BEAUTIFUL,10.648954820632934,0.4070030716332522,6.8530500000000005,2.1142642743583826,11
3,1114,BEGINNING,11.539230585098267,0.4469769602472132,6.6502500000000015,0.9617957870276426,11
4,1114,BREATH,9.733157253,0.44253730177879336,5.928050000200001,2.0087797608096287,11
5,1114,CRISIS,11.775188684463501,0.41468055735934867,2.44364,1.197804170972868,11
6,1114,FAILURE,8.719096183776855,0.5001017608425834,2.9892499999999997,1.2219960464338664,11
7,1114,FATHER,11.427851390838622,0.47893204490343727,8.403566667,1.0899977842387518,11
8,1114,FUTURE,12.818805599212647,0.4380948749455539,6.0340166664999995,3.0918471072177716,11
9,1114,HEART,9.120737671852112,0.47917862859639254,8.845583333,1.1592873614655923,11
10,1114,JEALOUSY,10.40997118420071,0.42271142734421624,2.3796565655555555,1.8000438118595257,10
11,1114,MEMORY,10.892513370513916,0.4911677441813729,5.149099999900001,2.312520177897095,11
12,1114,NOISE,14.655960893630981,0.4308146205815402,4.5211499998999995,3.5652826326529987,11
13,1114,PAIN,10.961017661624485,0.45170872445617405,3.886055555555556,2.3134071240430902,10
14,1114,SHAME,12.276317691802978,0.4339278464967554,5.197816667,2.648703654323482,11
15,1114,SPOUSE,10.265136671066283,0.4170009473959605,8.127566667,1.6880906224113483,11
16,1114,TEACH,9.757657051086426,0.40275691747665404,7.7345,0.9249586257638772,11
17,1114,TRIP,10.119500213199192,0.430729153,8.075767901222223,0.5093007551694665,10
18,1114,WANT,10.787686729431153,0.39415681958198545,7.994342857,0.4738803604651446,11
19,1114,WIN,13.969340682029724,0.40485502365562653,7.377979167,1.989953312812577,9
20,1114,WORRY,10.915455532073974,0.42398204985592103,4.002657143,1.7902307656248255,11
0,1115,ADVICE,11.704722929000855,0.4101205786069234,5.04295,3.0508306163256864,11
1,1115,ALONE,12.431676769256592,0.4351637791503559,4.10901,1.8915235227191862,11
2,1115,BEAUTIFUL,11.483739805221557,0.42267984476956455,7.295566667,0.7878130805674447,11
3,1115,BEGINNING,13.535177898406982,0.44756816679781136,7.3292,2.0076960310266094,11
4,1115,BREATH,14.97297544,0.47865022354655795,6.22845,2.2586180257726305,11
5,1115,CRISIS,13.373709154129028,0.4278881771997972,6.2750727272999995,2.148505194009243,11
6,1115,FAILURE,11.855953979492188,0.4945079597559842,5.910766666700001,1.3931238039473377,11
7,1115,FATHER,12.540682649612426,0.5092794307253578,6.254233333,3.1445573298844876,11
8,1115,FUTURE,13.042194080352782,0.4563162007115104,7.19015,1.4769561560858875,11
9,1115,HEART,12.025918865203858,0.4641436072913083,5.6386690477000005,1.4446175997394102,11
10,1115,JEALOUSY,12.614366149902343,0.4631823111664165,6.254633333300001,1.1375935457688595,11
11,1115,MEMORY,15.850366592407227,0.48105346993966536,7.704433333400002,1.5154814719514054,11
12,1115,NOISE,11.840116882324219,0.45598778995600614,5.6437166665000005,0.8829184008179102,11
13,1115,PAIN,14.28552638159858,0.46510665284262764,4.600947090000001,2.9809665108936305,10
14,1115,SHAME,12.662125492095948,0.4631476960398934,5.996828571,1.9614662727225054,11
15,1115,SPOUSE,12.434056186676026,0.48474647619507527,7.105016667,0.753438457,11
16,1115,TEACH,11.538076734542846,0.43623378547755154,6.533066667,2.2945419285858977,11
17,1115,TRIP,11.14043960571289,0.477112679,7.139469048,2.228802645817675,11
18,1115,WANT,11.15939803123474,0.44523801261728463,6.682633333499998,2.0794798478053087,11
19,1115,WIN,13.329050159454345,0.4903038826855746,7.01105,1.780934694520864,11
20,1115,WORRY,11.497138214111327,0.46545584689487113,5.482795238,2.208139617687468,11
0,1120,ADVICE,13.116841952006022,0.4048534772462315,6.943333333333333,0.8506068088033465,10
1,1120,ALONE,11.894750277201334,0.4414101070827908,6.378944444444445,3.7810214162571563,10
2,1120,BEAUTIFUL,11.16345567703247,0.4217858092351393,8.116633333,0.4420129020443606,11
3,1120,BEGINNING,13.381758901807997,0.528582811,7.0409973545555555,2.0509710271313897,10
4,1120,BREATH,13.161369800567627,0.4293081987987865,6.107033334,3.4923672110192423,11
5,1120,CRISIS,13.54372034072876,0.45358860227796766,5.6047400000000005,1.5473122907157435,11
6,1120,FAILURE,12.331576156616212,0.42542508190328426,4.38125,4.182932992242625,11
7,1120,FATHER,13.465680652194553,0.45395410921838547,4.762481481555556,3.7532510435194184,10
8,1120,FUTURE,12.914726529802595,0.4851649034590948,4.830693877571428,3.620845154702621,8
9,1120,HEART,12.01772232055664,0.4425053731961684,5.425833334,1.5422344577276974,11
10,1120,JEALOUSY,14.199500560760498,0.47953588420694526,6.572571428500001,2.0003963228557504,11
11,1120,MEMORY,11.18970733218723,0.386712435,4.969759259111111,1.3609501820867247,10
12,1120,NOISE,12.517494095696343,0.42763959368069965,5.544907407444445,1.6077825652638735,10
13,1120,PAIN,14.474319648742675,0.4035138361983829,5.402083333,1.7666187950816101,11
14,1120,SHAME,11.472620296478272,0.38254286779297725,5.626871429,1.5654123425197906,11
15,1120,SPOUSE,12.45798854827881,0.40177326039834454,6.204183333400001,3.180959624140742,11
16,1120,TEACH,12.150381326675415,0.40965216647494923,6.989871428699999,1.3677664505875293,11
17,1120,TRIP,10.601501369476319,0.4723529317162254,6.93005,1.1966513298970776,11
18,1120,WANT,12.113317108154297,0.38505677117241754,6.85645,1.0696139331553232,11
19,1120,WIN,12.96168295542399,0.46647845241758557,6.292644444444445,2.0234218569322393,10
20,1120,WORRY,12.579888439178466,0.4736235161622365,4.331874999999999,1.9055025305021243,11
0,1125,ADVICE,9.911394929885864,0.392978331,8.649216667,0.8941839188074476,11
1,1125,ALONE,12.08024819691976,0.37473614480760364,2.4289259258888887,2.741724930071774,10
2,1125,BEAUTIFUL,9.443537553,0.40789663294951123,8.333729938333333,0.4002339382789862,10
3,1125,BEGINNING,11.714381122589112,0.5058759667656638,6.872466667,1.9962715196768062,11
4,1125,BREATH,11.787814712524414,0.48740685,7.573117460199998,1.8778933943628229,11
5,1125,CRISIS,11.975065112113953,0.3251720302634769,0.716107143,0.5985740454793418,9
6,1125,FAILURE,10.211910843849182,0.4093377185719354,2.0784791667499998,0.8798233919388468,9
7,1125,FATHER,11.307270156012642,0.4451604750421312,4.487944444666667,1.5577082734670875,10
8,1125,FUTURE,13.011454718453544,0.44709836904491695,5.501185714285714,5.146387606161932,8
9,1125,HEART,11.638270807266235,0.449970987,2.99518,4.1799579312476345,11
10,1125,JEALOUSY,10.888410902023315,0.4572557373480363,4.541485714,1.3600997974510802,11
11,1125,MEMORY,11.823360490798951,0.42518161589449105,3.941895833,1.6939599376973036,11
12,1125,NOISE,12.628939032554626,0.39455701197896687,2.731821429,2.3023073758166537,9
13,1125,PAIN,13.370491133795845,0.5005965820617146,4.165333333444445,3.0097374839874136,10
14,1125,SHAME,8.860684394836426,0.40877535194158554,2.562791667,2.756572257528846,9
15,1125,SPOUSE,11.591228365898132,0.4512694966461923,4.3256125,2.591277411818349,9
16,1125,TEACH,9.590159655,0.44361842340893215,6.191033333400001,1.640331352868431,11
17,1125,TRIP,11.139683067798615,0.33618827992015415,5.273249999999999,2.493655992463676,9
18,1125,WANT,9.898250579833984,0.42472308448382784,4.827214286,2.4153119921415835,9
19,1125,WIN,12.870450019836426,0.4820379847829992,7.653407142799999,1.0247993777066948,11
20,1125,WORRY,13.289306259155273,0.43896682533350856,5.10585,1.579709208307814,11
0,1126,ADVICE,11.750451755523681,0.4185811687599529,5.847671428500001,4.4907801836748895,11
1,1126,ALONE,9.238356256484986,0.3449987456912086,1.875016667,2.1376242182079874,11
2,1126,BEAUTIFUL,10.122232496738434,0.4320514351129532,7.438083333,1.3428520577098306,9
3,1126,BEGINNING,11.049222612380982,0.38849428875578773,7.492066666599999,2.737705125,11
4,1126,BREATH,12.83857536315918,0.42940155466397606,8.581277778,0.8251406979712972,10
5,1126,CRISIS,12.13207941055298,0.39016364433548667,6.104033334,3.7544219143468265,11
6,1126,FAILURE,9.883736252784729,0.35140751727989744,2.562339286,2.870302809217562,9
7,1126,FATHER,11.156884384155273,0.4373048766092821,6.165016667,3.1105931244344194,11
8,1126,FUTURE,10.65370127889845,0.4321047200096978,7.007740740666666,2.3730071419224315,10
9,1126,HEART,11.157951249016655,0.43937358922428554,5.824855555555555,2.769511037469731,10
10,1126,JEALOUSY,7.963710546,0.4241846778563091,4.517042857142857,4.243273919477069,8
11,1126,MEMORY,12.764094305038451,0.4537884202870456,5.858866667,3.167447112886224,11
12,1126,NOISE,10.272619724273682,0.41336205866601733,5.289796296333333,2.049437308,10
13,1126,PAIN,12.615981578826904,0.35915182828903197,5.148275,5.115887131799577,11
14,1126,SHAME,10.409944110446506,0.3585437013043298,3.3428333335555553,3.7056650402269375,10
15,1126,SPOUSE,11.588902616500855,0.41033018231391905,5.88355,3.8841256504017467,11
16,1126,TEACH,8.513368082046508,0.4257381558418274,6.6156999999999995,0.7884730196685588,11
17,1126,TRIP,11.252092043558756,0.4410426259040833,7.696648148222222,0.9314344569336171,10
18,1126,WANT,11.28653268814087,0.42986017531818815,8.365283333,1.1207839169993523,11
19,1126,WIN,10.569782257080078,0.5233921102351613,6.832244047750001,3.0295225699821122,9
20,1126,WORRY,11.828486347198487,0.4204107555476102,2.422028571,2.816818990606149,11
0,1127,ADVICE,12.093276619911194,0.4138300385740068,5.957395833374999,2.5714305796656696,9
1,1127,ALONE,12.494047212600709,0.4744483237916773,5.580733333,4.242345560020482,11
2,1127,BEAUTIFUL,10.575564002990722,0.3797429019754583,7.257983334,0.4869738926934149,11
3,1127,BEGINNING,10.896262836456298,0.423482498,7.183116667,1.7385321004311112,11
4,1127,BREATH,9.444373104307386,0.4465069426430596,6.155888888777778,0.9743910697005451,10
5,1127,CRISIS,11.370375156402588,0.38473982269113716,6.081016667,2.2472304360870665,11
6,1127,FAILURE,9.792725563049316,0.5165532697330821,3.9724500001000003,2.9191600776232365,11
7,1127,FATHER,11.044096183776855,0.45182388479059393,6.359400000000001,3.4469907764616576,11
8,1127,FUTURE,11.612417030334473,0.4433897722851146,5.873716667,5.261583586964862,11
9,1127,HEART,11.334646511077882,0.4565251328728416,6.65775,1.5773770255305621,11
10,1127,JEALOUSY,11.979031085968018,0.43050084493376994,4.719499999999999,3.327547710235974,11
11,1127,MEMORY,12.271269607543946,0.4247513072057204,5.8010625,2.1591454281005484,11
12,1127,NOISE,13.297117042541505,0.43196356784213674,8.013279999999998,2.594253833,11
13,1127,PAIN,14.247506237030029,0.4323088320818814,4.30436,1.2962511855346557,11
14,1127,SHAME,14.411946487426757,0.4527267114682631,5.7461444446000005,2.3494414807221347,11
15,1127,SPOUSE,11.085496807098389,0.48417175279723274,6.961161904700001,4.642437426882812,11
16,1127,TEACH,11.036923503875732,0.4301430172390408,7.883214285799999,0.402798195,11
17,1127,TRIP,13.350802755355835,0.4575618028640747,7.42095,2.5893782047154015,11
18,1127,WANT,9.727657270431518,0.35776636058633976,8.124466666699998,2.008485703849556,11
19,1127,WIN,12.892043781280517,0.4635448680983649,7.7983666666000016,1.4994543351443739,11
20,1127,WORRY,13.61880121231079,0.4760849340395494,3.4067700000000003,1.4521317626166022,11
0,1143,ADVICE,12.002734978993734,0.36555191448756624,6.137190476166666,2.244289538713217,7
1,1143,ALONE,11.384987089369032,0.42918141815397476,6.055981481444444,1.2563727872613837,10
2,1143,BEAUTIFUL,10.105407416820526,0.4744673470656077,7.738854166874999,1.3856464431601454,9
3,1143,BEGINNING,12.311234050326878,0.4417921092775133,8.182653439111112,0.46583450351231037,10
4,1143,BREATH,11.426144421100616,0.45194704002804226,7.912833333,1.6486804730778764,9
5,1143,CRISIS,12.705839474995932,0.3947993889451027,7.886188888888889,1.602253537296073,10
6,1143,FAILURE,10.29258124,0.4203959016336335,2.257672619,1.3685290121177294,10
7,1143,FATHER,12.723139762878418,0.39839819338586596,5.261629629666667,3.2074688144153023,10
8,1143,FUTURE,11.314514541625977,0.40299847457143995,7.884116667,0.8136831196597908,11
9,1143,HEART,9.839640235900879,0.4385403752326965,6.1094166665000005,0.9912153568740919,11
10,1143,JEALOUSY,12.49676259358724,0.42779491941134135,1.403925926,1.4184091114905486,10
11,1143,MEMORY,13.180201148986816,0.3301081577936808,1.484030769,1.364517489,6
12,1143,NOISE,10.599999374813503,0.4118390354845259,5.687622222222222,1.5471510039064995,10
13,1143,PAIN,13.80633054460798,0.3648349195718765,3.526040816285714,3.775754657,8
14,1143,SHAME,11.443753600120544,0.35577361947960323,5.4336458333749995,2.4203014378428183,9
15,1143,SPOUSE,10.331668663024903,0.3859871799295599,9.572985714,0.4907171034254675,11
16,1143,TEACH,10.214342753092447,0.4080619769436972,8.741277777777777,0.857095615,10
17,1143,TRIP,12.069679069519044,0.47569472193717954,7.943854166700001,1.3628402026625968,11
18,1143,WANT,11.311775207519531,0.40494202822446823,7.827479166750001,0.96165024,9
19,1143,WIN,10.432966285281712,0.44414015147421093,8.435648148111111,0.8071271605952223,10
20,1143,WORRY,11.900228553348118,0.44175609085294937,6.101174603111112,1.6538374607941337,10
0,1149,ADVICE,9.857119941711426,0.4556599102237008,5.9813719696000005,1.2358646288938815,11
1,1149,ALONE,10.588158819410536,0.4865101284450955,6.555314814777778,4.029037234382239,10
2,1149,BEAUTIFUL,13.024299303690592,0.4777359584967295,6.259388888888889,2.459604201325841,10
3,1149,BEGINNING,12.448517481486002,0.5193895465797849,3.0108174603333335,2.205508751457449,10
4,1149,BREATH,11.337104606628419,0.3626110152764754,6.246614286,1.7317710126206771,11
5,1149,CRISIS,13.152080202102661,0.5142551584677263,2.1699190475999997,1.7604440248239468,11
6,1149,FAILURE,12.21766505241394,0.48361874493685636,7.155150000000001,2.026489303944139,11
7,1149,FATHER,12.28634860780504,0.4429578185081482,5.2284343434444445,1.8303426293227427,10
8,1149,FUTURE,13.58211407661438,0.4937476071444425,4.838028571,2.0917411711170506,11
9,1149,HEART,12.765703344345093,0.5075748075138439,6.580044245900001,1.7768451893855435,11
10,1149,JEALOUSY,11.338383340835572,0.4321770304983312,3.296,1.9514815128992355,11
11,1149,MEMORY,12.280462476942274,0.4372899909814199,3.9864920634444445,5.836782261518492,10
12,1149,NOISE,12.227406620979309,0.5590510351790322,4.47843998,3.526751994753208,9
13,1149,PAIN,15.225231329600016,0.49405428568522136,5.070148148111111,3.5008553402513174,10
14,1149,SHAME,14.60906171798706,0.529116521,4.674493056,2.9432682860849546,7
15,1149,SPOUSE,10.392522864871555,0.5181308229764302,6.837620370333332,1.0494469322715436,10
16,1149,TEACH,11.534401607513427,0.5112506048245864,6.494961111,2.8994841630701242,11
17,1149,TRIP,13.699099922180176,0.4533881263299422,5.556983333300001,3.5373357586762415,11
18,1149,WANT,11.808824157714843,0.4319433331489563,5.08445,3.374591103,11
19,1149,WIN,11.960058583153618,0.5341078221797944,5.296822222222222,3.910882073741648,10
20,1149,WORRY,13.095049964057075,0.4595236519972483,5.145621693111111,2.5723955038538584,10
0,1161,ADVICE,11.17132239871555,0.43485148889677866,5.963759259222223,1.3100694014588845,10
1,1161,ALONE,9.474761677,0.3814221939870289,0.742583334,0.4289377737358234,11
2,1161,BEAUTIFUL,10.64788751602173,0.4172095412557775,8.285666666,0.6036010317403468,11
3,1161,BEGINNING,9.784376668930054,0.5066531365567988,6.833983333399999,2.202022549,11
4,1161,BREATH,11.066080570220947,0.45422800400040364,6.997814286,1.283994160525872,11
5,1161,CRISIS,12.808154201507568,0.35182258649305864,5.3159,2.0872580777139493,11
6,1161,FAILURE,9.919724607467652,0.4748225591399453,6.1081595237999995,2.217884518201184,11
7,1161,FATHER,11.93043098449707,0.4328355371952057,6.55415,2.1034003887682973,11
8,1161,FUTURE,11.05906400680542,0.4833126333626834,6.845066666700001,1.8941733635406706,11
9,1161,HEART,10.852201747894288,0.38447676571932704,7.869966667,1.0385190097997723,11
10,1161,JEALOUSY,10.689500999450683,0.3877194399183447,1.06033,1.7380794558937747,11
11,1161,MEMORY,11.777363681793213,0.43263949209993535,8.376550000199998,0.7684974119490651,11
12,1161,NOISE,10.43097620010376,0.40840480598536405,4.5170833334000005,1.5988063411841347,11
13,1161,PAIN,13.438186073303223,0.36086197170344264,2.584875,3.539098420016389,11
14,1161,SHAME,10.23217968940735,0.4900323992425745,1.4322500000000002,1.1474636583364537,11
15,1161,SPOUSE,9.804015350341796,0.3260419791395014,7.084600000100001,2.9943452794475607,11
16,1161,TEACH,10.531739377975464,0.4505050626065996,6.918516667,0.5125291701519372,11
17,1161,TRIP,12.497895240783691,0.42055883461778815,6.524442857000001,1.6921587367001096,11
18,1161,WANT,11.054951508839926,0.45361212889353436,7.895425926,1.5938003226776503,10
19,1161,WIN,9.008697748184204,0.43362660028717737,7.384733333,2.6331918869153355,11
20,1161,WORRY,11.799706077575683,0.47092928422821895,5.681133333,1.4178877384362552,11
0,1173,ADVICE,13.08972635269165,0.4274988905950026,5.8402333334000005,3.600961109844053,11
1,1173,ALONE,9.162152290344238,0.4414385578849099,5.360366667,2.6299478909060094,11
2,1173,BEAUTIFUL,11.87261700630188,0.4255622194872962,7.219785714,2.430153453620675,9
3,1173,BEGINNING,11.806711196899414,0.46648289263248444,7.6625625,1.9007842050393637,9
4,1173,BREATH,11.412013371785482,0.4072329938411713,7.210761905,1.1581598137203273,10
5,1173,CRISIS,11.556850963168674,0.40619854264789157,4.123592592555556,1.3802773137007114,10
6,1173,FAILURE,10.686734080314636,0.4180460373560588,1.8273750001250002,2.589742524764021,9
7,1173,FATHER,10.767126560211182,0.3769693992354653,6.783416666699999,2.839843264881853,11
8,1173,FUTURE,12.334711286756727,0.4468468311760161,6.590351851777778,1.8528246379014368,10
9,1173,HEART,11.590485784742567,0.4805773357550303,6.6975,2.478597751192525,10
10,1173,JEALOUSY,11.147538344065348,0.40687647660573323,6.3204814815555554,3.821304192387511,10
11,1173,MEMORY,11.695600700378417,0.4533881528811021,6.8811666666999995,0.8457280835596037,11
12,1173,NOISE,13.37660010655721,0.44393480391729445,6.161555555500001,0.6850120842947875,7
13,1173,PAIN,12.251625061035156,0.3783964448504978,1.576351852,1.8557258870490412,10
14,1173,SHAME,11.128802871704101,0.4085179431871934,5.72587,2.0243127786979955,11
15,1173,SPOUSE,12.275490019056532,0.4509936021433936,7.091037037111111,1.179224627350343,10
16,1173,TEACH,9.902350001864964,0.44924379305707085,7.783722222333334,0.48844202752802846,10
17,1173,TRIP,10.321089220046996,0.44653947136618877,8.757483333,0.8313224655196082,11
18,1173,WANT,11.255173206329346,0.4202774465084076,4.377395833,3.479457127099647,9
19,1173,WIN,12.470271110534668,0.43300331367386713,7.444148148000001,1.1595232017231303,10
20,1173,WORRY,12.51611328,0.4471486058500078,4.965592592555556,1.4006877522595909,10
0,1174,ADVICE,11.502906693352593,0.44489083223872716,6.087222222333334,2.8865299269906006,10
1,1174,ALONE,11.867747836642796,0.47893844180636935,3.0894444444444447,1.620482376647582,10
2,1174,BEAUTIFUL,11.610797691345216,0.36863852847706186,7.29555,1.5895724217400413,11
3,1174,BEGINNING,10.34173329671224,0.5194442166222466,6.322388889,1.1531978631817432,10
4,1174,BREATH,11.935871018303764,0.41858389642503524,6.584575757444445,2.329543888549352,10
5,1174,CRISIS,13.387568261888292,0.4046532624297672,3.3344259259999998,2.3238726801995577,10
6,1174,FAILURE,11.373343361748589,0.44367939631144204,5.118685185222223,3.303152720270633,10
7,1174,FATHER,11.649022102355957,0.4167804539203644,7.209833333,1.3645874224679535,11
8,1174,FUTURE,13.21164674758911,0.4631620699709112,8.77165,0.4551511226852997,11
9,1174,HEART,11.319409132003784,0.4043344126807319,6.503979167,3.3222052606810837,9
10,1174,JEALOUSY,13.581057262420654,0.44648749123920095,4.773499999899999,1.2948665612097343,11
11,1174,MEMORY,11.293776559829713,0.4021615246931712,6.672650000199999,2.56939365,11
12,1174,NOISE,11.87263834476471,0.40955902139345807,3.3362708333750004,3.0644231251485254,9
13,1174,PAIN,13.345558590359158,0.3829650468296475,2.3826296296666665,3.936567468292882,10
14,1174,SHAME,14.761451721191406,0.42244804544108255,4.461632653000001,4.447906194203233,8
15,1174,SPOUSE,11.010387992858886,0.4585868082263253,8.99955,0.7512851729388933,11
16,1174,TEACH,12.78491678237915,0.4788669656623494,8.02955,0.7423509613708326,11
17,1174,TRIP,12.016677522659302,0.4210403268987482,6.537966666700001,1.405568297484572,11
18,1174,WANT,12.153332392374674,0.4147633261150784,6.112984127,2.9746753236156342,10
19,1174,WIN,12.72781679,0.4415096686946021,8.731539682666668,1.1789780451331933,10
20,1174,WORRY,12.508939838409423,0.4531862329352986,5.7115428570999995,3.734872142,11
0,1178,ADVICE,10.469534301757813,0.3814732394435189,7.716183333,0.7453990822154261,11
1,1178,ALONE,9.786664772033692,0.4972608414563266,3.422196037,3.193026317,11
2,1178,BEAUTIFUL,12.293010902404784,0.49956941387870096,6.726748334,1.8173974345224009,11
3,1178,BEGINNING,10.810346984863282,0.49027506329796533,8.522716666700001,1.289182265565041,11
4,1178,BREATH,10.257420444488526,0.41690499674190173,5.568766667,1.8314577602012525,11
5,1178,CRISIS,10.53786916732788,0.5192143684083765,3.0163727274000003,0.8867529709474414,11
6,1178,FAILURE,10.707322454452514,0.437496205,4.39435,1.8358044723556726,11
7,1178,FATHER,10.277787446975708,0.42949185046282684,7.828383333,0.39336048963099157,11
8,1178,FUTURE,13.827275848388672,0.4725554016503421,7.295550000000001,1.228575679200404,11
9,1178,HEART,10.902283191680908,0.48313154686581006,6.614333333300001,2.5843253190363327,11
10,1178,JEALOUSY,11.492549610137939,0.4813400376926769,6.406557142900001,3.632167635052457,11
11,1178,MEMORY,9.697901630401612,0.43543842922557485,5.703816667,1.6707083212246903,11
12,1178,NOISE,12.802368746863472,0.5237847679191165,5.8203148147777775,2.728398882790275,10
13,1178,PAIN,10.972312355041504,0.5203163277019154,5.999616666600001,3.274198955038491,11
14,1178,SHAME,9.866595173,0.4392087920145555,0.7185499999999999,0.6301631095229675,11
15,1178,SPOUSE,8.646352338790894,0.4447460586374456,8.7775,0.19007540153335636,11
16,1178,TEACH,10.611815261840821,0.4782730842178518,6.516016667,1.312816483570783,11
17,1178,TRIP,10.114079713821411,0.4802998261018233,7.195766666700001,0.8100623140821052,11
18,1178,WANT,9.875432825,0.480086211,7.365689999999999,1.295619087154863,11
19,1178,WIN,12.865644454956055,0.4589566761797125,6.576444643,3.8043494065860677,11
20,1178,WORRY,10.17194676399231,0.43623400764031844,1.0857500000999998,0.6699840295700338,11
0,1181,ADVICE,10.762328672409058,0.5321812125769528,7.445818523,0.9340641687995663,11
1,1181,ALONE,9.562952816486359,0.47507798423369724,6.765124999999999,1.1102773596376136,9
2,1181,BEAUTIFUL,11.893038940429687,0.5016203566031022,7.137438095,0.7802850501379426,11
3,1181,BEGINNING,10.820375866360134,0.4441576381524404,5.946999999999999,2.289920264744799,10
4,1181,BREATH,10.855455255508422,0.44489350102164527,5.5486,1.1474619239853816,11
5,1181,CRISIS,11.697795497046577,0.4933712032106188,5.297838383888889,1.3623935476029774,10
6,1181,FAILURE,10.154776785108778,0.44145146144760977,6.319500000000001,2.5901329613811357,10
7,1181,FATHER,13.364898204803467,0.46122636113848003,7.445214285666666,1.981984365593351,7
8,1181,FUTURE,11.159776740603977,0.5220761524306403,6.874407407444444,1.3319111810024964,10
9,1181,HEART,12.358030213250053,0.4144592563311259,5.9789259258888885,1.8350320835892089,10
10,1181,JEALOUSY,13.312923567635673,0.500184563,4.942380952428572,3.965802447776222,8
11,1181,MEMORY,9.178917725880941,0.46235425339804753,5.600405423333333,1.375635565415513,10
12,1181,NOISE,15.216982316970824,0.5045759,4.6880500000000005,2.1044841280733144,11
13,1181,PAIN,13.58453729417589,0.40352819429503545,6.159634920666666,2.8136375929120456,10
14,1181,SHAME,13.142030429840087,0.4855508625507355,6.6854125,2.263569462156172,11
15,1181,SPOUSE,11.641690444946288,0.4391981667942471,8.430966666700002,3.9649777591607935,11
16,1181,TEACH,10.78772896528244,0.45315981490744484,7.774607143,0.563797825,9
17,1181,TRIP,12.226332346598307,0.4323685778511895,6.5667937711111115,2.1524976875211044,10
18,1181,WANT,13.335079097747803,0.43657801097089594,6.5629666667999995,1.9405491666578365,11
19,1181,WIN,11.410742388831245,0.4755084958341387,7.599531746,0.9894176240188903,10
20,1181,WORRY,12.533338122897678,0.47349692980448405,4.8604259260000005,2.411079340519278,10
0,1191,ADVICE,11.071423721313476,0.41924383586103264,5.466480000000001,1.6190689089720671,11
1,1191,ALONE,11.124194240570068,0.4439250734719363,4.8651428570999995,2.874761789321813,11
2,1191,BEAUTIFUL,11.239719104766845,0.42381967956369576,8.242249999999999,0.7883324806196941,11
3,1191,BEGINNING,12.546676445007325,0.4781858291890886,7.559833333300001,1.6889448422592364,11
4,1191,BREATH,13.064931869506836,0.44795173785903236,6.56715,2.190725043431588,11
5,1191,CRISIS,11.922076606750489,0.3619174588810314,3.705363636,2.334635037945208,11
6,1191,FAILURE,11.221479098002115,0.45230558978186713,5.357074074111111,1.3003749093111618,10
7,1191,FATHER,10.125252617730034,0.3761283000310262,8.654518518444446,1.2176235351805704,10
8,1191,FUTURE,13.408766651153565,0.43703370744531805,8.2037,1.0741295027432571,11
9,1191,HEART,9.850518417358398,0.37579686533321033,7.066799999999999,1.1115562518379356,11
10,1191,JEALOUSY,9.986153221,0.44451907548037445,2.6337833333000003,2.197697454993769,11
11,1191,MEMORY,10.066057252883912,0.5051714479923248,6.441614285799998,0.7930683101549041,11
12,1191,NOISE,11.484387969970703,0.5063897181640972,2.5928666668000004,1.9686739698925515,11
13,1191,PAIN,13.357768726348876,0.4086460617455569,2.6295666667999997,1.1276723704556508,11
14,1191,SHAME,9.46366024,0.3694427424006992,2.1513400000000003,0.35863318446568776,11
15,1191,SPOUSE,9.757689857,0.43436223864555357,8.680066667,0.3699225107355291,11
16,1191,TEACH,10.176845979690551,0.4542989416555925,7.538853846,0.490832375,11
17,1191,TRIP,10.20625810623169,0.3880259535529397,7.9164333334000005,0.33478587272973614,11
18,1191,WANT,9.566602918836805,0.4180906785859002,5.691703703666665,2.010313707896541,10
19,1191,WIN,12.91807188987732,0.49897445765408605,7.891785714199999,0.5568755778083886,11
20,1191,WORRY,10.999682807922364,0.3497417699206959,2.10477,2.1394325037261632,11
0,1192,ADVICE,11.038170719146729,0.4808960979635065,6.291783333,2.870800871643362,11
1,1192,ALONE,11.701110458374023,0.44363199201497167,4.9258500000000005,1.738826523294313,11
2,1192,BEAUTIFUL,12.473119523790148,0.39979045192400614,6.519055555555556,2.117047051036504,10
3,1192,BEGINNING,11.530792903900146,0.4820964265953411,7.620485714,0.564649203,11
4,1192,BREATH,11.686822700500489,0.41090274236418983,4.261066667,1.323674559301295,11
5,1192,CRISIS,13.402770614624023,0.4391606482592496,6.681810000000001,1.4482649339813487,11
6,1192,FAILURE,10.42374873161316,0.5007369171489369,4.006666666799999,1.4346941060301517,11
7,1192,FATHER,11.177203178405762,0.45098396973176436,5.961985714,3.336462237174776,11
8,1192,FUTURE,13.167652034759522,0.4603877371007746,7.416166666600001,1.5402415086820893,11
9,1192,HEART,13.156361532211303,0.4656587226824327,4.011150000200001,1.9737959409668635,11
10,1192,JEALOUSY,11.081078290939331,0.4414160560477864,5.995553333,1.1807454693066741,11
11,1192,MEMORY,12.836885134379068,0.49396903845998974,5.357611111111111,0.9822007914915198,10
12,1192,NOISE,15.059460258483886,0.48190735415978864,6.370433333,2.126486844280538,11
13,1192,PAIN,11.739516925811767,0.4137879967689514,7.1119900000000005,2.8845871238359226,11
14,1192,SHAME,11.541105365753173,0.5326381921768188,3.636816667,2.305490889,11
15,1192,SPOUSE,14.999445343017578,0.5087405513633382,7.365266666599998,1.493718076372658,11
16,1192,TEACH,12.262862300872802,0.43127660046924243,7.60835,0.5179892964623456,11
17,1192,TRIP,11.74101776546902,0.4730484068393707,8.650087963,0.8994553789719877,10
18,1192,WANT,11.765550422668458,0.4046567591753873,5.91225,1.6388722470192931,11
19,1192,WIN,13.20061461130778,0.4886533114645216,6.472870370444444,0.819523992,10
20,1192,WORRY,11.93466157913208,0.48607174212282356,2.9241800000000007,2.3123846658806575,11
0,1198,ADVICE,10.96733922958374,0.3899716236374595,6.359583333399999,2.589164931352449,11
1,1198,ALONE,11.202202606201173,0.41202970038760794,3.963816667,1.2343382166195374,11
2,1198,BEAUTIFUL,10.868762111663818,0.43427837057547136,5.7791999999999994,0.821402055,11
3,1198,BEGINNING,10.46222505569458,0.394963104,6.3654,0.317779614,11
4,1198,BREATH,14.363353199428982,0.49729456901550295,7.309129629666667,1.3353950370647207,10
5,1198,CRISIS,12.12442650794983,0.4066841954534704,6.152857143,1.8065253051098187,11
6,1198,FAILURE,9.929855537,0.4427363059737466,4.345372727,1.9342734246693678,11
7,1198,FATHER,13.012300586700439,0.44836102507331155,6.018142857100001,3.8099014106486337,11
8,1198,FUTURE,10.329853916168213,0.377360632,7.0886,0.36623918633556024,11
9,1198,HEART,11.977692286173502,0.4537660976250966,5.972962963,2.0664361704828353,10
10,1198,JEALOUSY,9.958024693,0.36615397550842976,5.095083333300001,2.5784571047871383,11
11,1198,MEMORY,10.764624436696371,0.4001960529221429,7.456277777777779,0.6999427247074144,10
12,1198,NOISE,12.991233295864529,0.39658613204956056,7.157537037111112,1.2407428679424521,10
13,1198,PAIN,12.567212513514928,0.3818924089272817,3.8363214285714284,3.232795640275722,8
14,1198,SHAME,11.752556443214417,0.4185363393690851,6.2670000002499995,1.6696690177088453,9
15,1198,SPOUSE,10.009535100724962,0.4041480216715071,6.184148148222222,3.6538221751085143,10
16,1198,TEACH,9.409216881,0.41933309899436105,5.885185185222222,1.1227181454341946,10
17,1198,TRIP,10.722463941574096,0.437200298,5.3241499999999995,1.5784210826093727,11
18,1198,WANT,11.225877141952514,0.3884604730389335,4.486733333499999,2.6480617854154684,11
19,1198,WIN,11.82524127960205,0.46278384219516405,6.1925166665999996,1.5578138413494655,11
20,1198,WORRY,12.362379026412963,0.3522957238284024,4.236516667,3.065578265140592,11
0,1211,ADVICE,10.86375708050198,0.40588865412606134,8.092111111,0.3166331883561273,10
1,1211,ALONE,9.897873473167419,0.4383508880933126,1.7772333332999999,1.4931821601843978,11
2,1211,BEAUTIFUL,11.137440204620361,0.404010083,8.08895,0.4680103541982803,11
3,1211,BEGINNING,13.374587917327881,0.45711903240945606,7.952583333,0.7007121238679574,11
4,1211,BREATH,9.527879715,0.519774216,4.589309848300001,1.8940032500496877,11
5,1211,CRISIS,11.624457740783692,0.41116141135042367,4.716399999999999,1.4464663062742595,11
6,1211,FAILURE,11.716839599609376,0.4653431251645088,7.565433333,1.978009149365136,11
7,1211,FATHER,8.563524293899537,0.29353140267458827,7.591016667,0.7720734727917699,11
8,1211,FUTURE,10.671620607376099,0.45479249159495033,6.610616667,3.909188759357063,11
9,1211,HEART,13.03018315633138,0.42932975159751047,8.094796296333334,0.7356769328644714,10
10,1211,JEALOUSY,10.284045767784118,0.4506668974052776,2.8633499999999996,3.3170947786962497,11
11,1211,MEMORY,13.726283597946168,0.4877104856751182,7.723357142999999,0.7086311324518391,11
12,1211,NOISE,11.731539154052735,0.4177578402890099,5.09255,2.039620316695076,11
13,1211,PAIN,12.041520023345948,0.3984551874074069,1.404128572,2.0740640691915635,11
14,1211,SHAME,13.385552597045898,0.4155169151046059,2.743566667,2.0888266784227776,11
15,1211,SPOUSE,10.263161325454712,0.36820880228822883,6.75214,1.4332963290959757,11
16,1211,TEACH,12.61341152191162,0.4274452870542353,5.63945,2.014844432011718,11
17,1211,TRIP,10.596999835968017,0.4126171567223289,6.942678571,0.7167989022142608,11
18,1211,WANT,8.374386548995972,0.4005613467759556,8.361571429,1.0326781388955355,11
19,1211,WIN,11.919293975830078,0.509293697,7.099783334,1.197826058331036,11
20,1211,WORRY,12.870896339416504,0.3973460912704468,3.9859500000000003,1.5346266420580428,11
0,1217,ADVICE,12.196154975891114,0.4289104183514913,7.2438833332999994,1.0048588966742822,11
1,1217,ALONE,13.57464895248413,0.45450373,5.9701,2.290830029659956,11
2,1217,BEAUTIFUL,12.490484237670898,0.45432301542975684,5.8445666666000005,2.7183209671047397,11
3,1217,BEGINNING,12.364337348937989,0.4802398529919711,3.5079666664999998,1.695982842691681,11
4,1217,BREATH,10.938292694091796,0.5026081778786399,5.180257143,1.759560827551103,11
5,1217,CRISIS,11.673514986038208,0.44887996424328197,2.7627142857000004,2.6407439504726726,11
6,1217,FAILURE,12.588805961608887,0.4002839434478018,1.9655714284999999,1.3760199934185415,11
7,1217,FATHER,10.885835075378418,0.487102674,7.257083333200001,1.1557952916307095,11
8,1217,FUTURE,12.491933155059815,0.4222951217131181,6.245883333,1.4895327734142787,11
9,1217,HEART,14.097891426086425,0.4499274573542855,4.866183333,2.283988818732767,11
10,1217,JEALOUSY,12.271539115905762,0.4359414485367862,4.7648190476000005,2.3668071881802355,11
11,1217,MEMORY,12.410916614532471,0.399975766,3.434,3.324963434485523,11
12,1217,NOISE,10.143417358398438,0.48099232099272987,7.357728571,1.2162573177342306,11
13,1217,PAIN,12.237283086776733,0.4335393873128024,4.586983333200001,2.6512942937968367,11
14,1217,SHAME,11.718814468383789,0.43691880973902614,6.714333333,3.0302520431848223,11
15,1217,SPOUSE,14.14951467514038,0.466050418,6.174974999999999,2.302536743056449,11
16,1217,TEACH,11.354384708404542,0.4311749333685095,7.664116666700001,1.0266630015722906,11
17,1217,TRIP,10.998528528213502,0.5069500191645189,8.792733333,0.7398864196546056,11
18,1217,WANT,10.646865367889404,0.5260155883702364,5.950016667,2.4536561327297886,11
19,1217,WIN,12.129414081573486,0.4415668704292991,7.370150000000001,1.116947721765024,11
20,1217,WORRY,13.025475597381591,0.46107435954941645,4.08773,5.035498275,11
0,1218,ADVICE,13.642054986953735,0.47013143626126375,6.060447619000001,2.3073443039356984,11
1,1218,ALONE,12.707862663269044,0.44804565256292167,6.450099999800001,1.384841936519016,11
2,1218,BEAUTIFUL,10.889515781402588,0.39267863739620557,7.125342857199999,1.746481272572886,11
3,1218,BEGINNING,10.018658876419067,0.486677113,6.3490440476000005,2.2265481111614998,11
4,1218,BREATH,13.011004447937012,0.45972779393196106,6.859260000000001,2.7286770312735804,11
5,1218,CRISIS,13.025159740447998,0.4506023081866178,4.842257143,2.3486080487939063,11
6,1218,FAILURE,12.568014001846313,0.42099450826644896,6.067044643,1.6547064312031818,11
7,1218,FATHER,9.572014904022216,0.40389638278219436,7.3674,3.3286907954133844,11
8,1218,FUTURE,10.776644372940064,0.4027259501543912,5.788633333,1.5300527922537548,11
9,1218,HEART,11.81255841255188,0.450985129,6.778166667,5.225831374252243,11
10,1218,JEALOUSY,12.832004356384278,0.490909265,6.237843333300001,1.4090764099150115,11
11,1218,MEMORY,10.588758373260498,0.4583598418669267,5.548433333,1.6635666116976433,11
12,1218,NOISE,11.32298526763916,0.38979349136352537,7.226533333,0.7878224082687743,11
13,1218,PAIN,12.262635231018066,0.4532333705160353,3.187016667,3.3988845951817344,11
14,1218,SHAME,13.42897596359253,0.49919661,5.715561818,1.7169207096366916,11
15,1218,SPOUSE,10.961345958709718,0.4128375275568529,5.095599999799999,3.8070682755622047,11
16,1218,TEACH,12.110700583457946,0.4432143780920241,6.345766667,1.2689710166705805,11
17,1218,TRIP,11.015319442749023,0.47273073521527376,7.601649999999999,0.866165839,11
18,1218,WANT,9.641890954971313,0.5029646158218384,4.9756599999999995,1.9014920905685702,11
19,1218,WIN,11.919655693901909,0.4873245855172475,4.0232751322222216,3.8211878505592125,10
20,1218,WORRY,11.423055362701415,0.37284880063750525,7.474274999999999,1.7995572463282463,11
0,1219,ADVICE,11.77360234260559,0.4965242028236389,7.0466303571000015,0.8617037978055136,11
1,1219,ALONE,12.472097992897034,0.5159268809689416,3.671625,1.4718042006326795,9
2,1219,BEAUTIFUL,13.565955591201782,0.49302804307504133,8.131566667,1.0034117410560592,11
3,1219,BEGINNING,11.799995708465577,0.4564050788229162,8.312650000000001,0.7156329750647328,11
4,1219,BREATH,12.639910697937012,0.5207318571480838,7.131970159,0.8582656613281799,11
5,1219,CRISIS,12.153981733322144,0.5219586784189397,3.6800035714000003,2.296130840234288,11
6,1219,FAILURE,9.314215977986654,0.5039462572998471,2.5933650794444443,1.0418643381754176,10
7,1219,FATHER,10.585742950439453,0.511562303,4.309283333,2.280626735935475,11
8,1219,FUTURE,13.458927965164184,0.5033097240057859,5.225885714,3.001366534114817,11
9,1219,HEART,11.136566305160523,0.4425944550470872,4.150933333,3.7694087910990857,11
10,1219,JEALOUSY,11.892359733581543,0.515150847,6.755492857200001,1.7702716307179387,11
11,1219,MEMORY,13.536931991577148,0.45804781751199203,6.957980833300001,1.0642868346410002,11
12,1219,NOISE,12.26438079,0.5254012476314198,4.987991667,2.229251710721086,11
13,1219,PAIN,13.999873542785645,0.510237037,4.162173637,1.6051016338381967,11
14,1219,SHAME,12.561078548431396,0.5010785639286042,3.704390618,2.2454130306675353,11
15,1219,SPOUSE,12.032373809814453,0.4826015808365562,6.39874033,2.1139276422902924,11
16,1219,TEACH,10.126276874542237,0.4926421951163899,5.8325964286000005,1.2913867796449867,11
17,1219,TRIP,13.421712589263915,0.47486365220763466,7.1300074883999995,2.946220391,11
18,1219,WANT,9.765340042114257,0.3669145567850633,6.09325,1.1665926793896675,11
19,1219,WIN,13.938306914435493,0.5596133245362176,6.653241071,1.9354558607619012,10
20,1219,WORRY,11.706931734085083,0.5250659389929337,4.0973749999999995,2.146463247525586,11
0,1225,ADVICE,9.735290145874023,0.5452738723971627,5.490933333,3.2593495679850157,11
1,1225,ALONE,11.821592966715494,0.3779063953293694,3.7712222223333334,4.427636656167429,10
2,1225,BEAUTIFUL,11.841439914703368,0.46772351535883816,8.663199999899998,0.5213617612390542,11
3,1225,BEGINNING,11.166097068786621,0.47579759034243496,8.540571428499998,0.3794759733196369,11
4,1225,BREATH,9.530665302276612,0.4684725517576391,7.908261904800002,1.9397334017403605,11
5,1225,CRISIS,12.60908055305481,0.4391147548502142,1.6962833331999996,1.2964485023228092,11
6,1225,FAILURE,9.138262605667114,0.40721764293583956,1.6060333332999996,0.45471167307501337,11
7,1225,FATHER,11.249339199066162,0.42553653554482895,7.0371,0.9065137264145658,11
8,1225,FUTURE,13.056761550903321,0.44509794928810814,5.52725,2.756316577961735,11
9,1225,HEART,10.965477180480956,0.5009134948253632,5.300541026,2.0738250884080975,11
10,1225,JEALOUSY,10.416201257705689,0.431152743,1.7072999997999996,1.382090545163208,11
11,1225,MEMORY,11.576625400119358,0.511653847,5.134828283,1.4911826870081784,10
12,1225,NOISE,9.892775583267213,0.4571007018739527,2.3554,0.9219421050192842,11
13,1225,PAIN,12.346172428131103,0.4905133876535628,2.731324429,1.5497344269866011,11
14,1225,SHAME,8.917754602,0.4248417756774209,2.05254,0.1363223972793906,11
15,1225,SPOUSE,10.273362016677856,0.4558142439885573,8.05325,1.0389833865286888,11
16,1225,TEACH,10.252364301681519,0.4389178248968991,7.683866667,0.6093104388246513,11
17,1225,TRIP,10.062854385375976,0.45260222391648725,7.654933333200002,1.4120508538626402,11
18,1225,WANT,9.299068355560303,0.40718574656380546,6.227666667,1.235199131324361,11
19,1225,WIN,12.54655044078827,0.5213940837166526,8.381466666700002,1.611995081853319,11
20,1225,WORRY,11.748670625686646,0.486813241,1.6980800000000003,0.9586989929065327,11
0,1229,ADVICE,11.308063915797643,0.42801312250750406,8.062551020571428,1.2142468624151457,8
1,1229,ALONE,10.418672561645508,0.38822300036748253,4.577033333199999,0.8273715105377996,6
2,1229,BEAUTIFUL,11.387656620570592,0.41886713781527113,7.331357142857143,2.105233571029605,8
3,1229,BEGINNING,11.37322187423706,0.44752994262509876,6.749666667,2.5540656667533908,9
4,1229,BREATH,12.243304252624512,0.4340594444009993,8.453925925888889,1.395093291034751,10
5,1229,CRISIS,13.132802724838257,0.406801061,5.298515625,1.9044139169801035,9
6,1229,FAILURE,11.061363101005554,0.43598368763923645,4.352634615,3.2942546698987885,9
7,1229,FATHER,12.383227157592774,0.3914915442466736,8.379966667,1.199576374336105,6
8,1229,FUTURE,11.588890893118721,0.44981844616787775,6.189071428714286,3.470029007605869,8
9,1229,HEART,11.677217483520508,0.44454769790172577,8.874122448857145,0.7806107497395215,8
10,1229,JEALOUSY,11.242800426483154,0.4308648387591044,5.72012,4.278174251476907,6
11,1229,MEMORY,11.05218792,0.42869337896505993,4.899666666666666,3.869806361345717,4
12,1229,NOISE,10.882476806640625,0.4216253317537762,7.214250000166667,2.2293101066902756,7
13,1229,PAIN,11.961594422658285,0.39733054240544635,0.3923888891666667,0.21362849572438353,7
14,1229,SHAME,11.466540336608887,0.4293968677520752,9.390166667,8.2355,2
15,1229,SPOUSE,12.410286222185407,0.434793801,4.879171428571428,4.442493245271817,8
16,1229,TEACH,10.09755927324295,0.40634695026609635,7.168395834,2.818608875077577,9
17,1229,TRIP,10.553465962409973,0.46229835351308185,8.207520833124999,1.4428837071255276,9
18,1229,WANT,11.823313474655151,0.4192497253417969,4.252277777833334,1.5127598739343868,7
19,1229,WIN,11.733085632324219,0.3669330209493637,9.047375,0.5234681891003496,5
20,1229,WORRY,12.28227096133762,0.39128777881463367,6.564766666666666,3.2362124768864535,10